group,key,ja,disp,date,signal
recession,sahm,Sahmルール,0.00,2026-09-01,green
recession,claims,新規失業保険申請(4週平均),198k,2026-10-03,green
recession,t10y3m,イールドカーブ(10年-3ヶ月),+0.99%,2026-10-08,green
recession,t10y2y,イールドカーブ(10年-2年),+0.47%,2026-10-08,green
recession,cp_prob,景気後退確率(Chauvet-Piger),0.6%,2026-08-01,green
recession,nyfed_prob,NY連銀 12ヶ月先景気後退確率,13.9%,2027-08,green
inflation,bei10,期待インフレ率(10年BEI),2.35%,2026-10-08,green
inflation,f5y5y,期待インフレ率(5年先5年),2.33%,2026-10-08,green
inflation,cpi,米CPI(前年比),3.7%,2026-08,yellow
inflation,corepce,米コアPCE(前年比),3.0%,2026-08,yellow
inflation,jpcpi,日本CPI(前年比),-0.4%,2021-06,green
inflation,wti,WTI原油(前年比),$96 (+54%),2026-10-06,red
stress,nfci,シカゴ連銀 金融環境指数,-0.49,2026-10-02,green
stress,stlfsi,セントルイス連銀 金融ストレス指数,-0.47,2026-10-02,green
stress,hy,ハイイールド債スプレッド,3.15%,2026-10-08,green
stress,vix,VIX指数,15.4,2026-10-08,green
