type,expiry,strike,price,iv,days
C,2610,59625,10570,1.368236,2
C,2610,59750,10445,1.3538640000000002,2
C,2610,59875,10320,1.3394990000000002,2
C,2610,60000,10195,1.325143,2
C,2610,60125,10070,1.310794,2
C,2610,60250,9945,1.296452,2
C,2610,60375,9820,1.282116,2
C,2610,60500,9695,1.267787,2
C,2610,60625,9570,1.253463,2
C,2610,60750,9445,1.239144,2
C,2610,60875,9320,1.224829,2
C,2610,61000,9200,1.218966,2
C,2610,61125,9075,1.20459,2
C,2610,61250,8950,1.190218,2
C,2610,61375,8825,1.175847,2
C,2610,61500,8700,1.1614790000000002,2
C,2610,61625,8575,1.147111,2
C,2610,61750,8450,1.1327450000000001,2
C,2610,61875,8325,1.118378,2
C,2610,62000,8200,1.104011,2
C,2610,62125,8075,1.089643,2
C,2610,62250,7950,1.075273,2
C,2610,62375,7825,1.0609,2
C,2610,62500,7700,1.046525,2
C,2610,62625,7575,1.032145,2
C,2610,62750,7450,1.01776,2
C,2610,62875,7325,1.00337,2
C,2610,63000,7200,0.988974,2
C,2610,63125,7075,0.9745699999999999,2
C,2610,63250,6950,0.960158,2
C,2610,63375,6825,0.9457380000000001,2
C,2610,63500,6700,0.931307,2
C,2610,63625,6575,0.916866,2
C,2610,63750,6450,0.9024129999999999,2
C,2610,63875,6325,0.887947,2
C,2610,64000,6200,0.873467,2
C,2610,64125,6075,0.858972,2
C,2610,64250,5950,0.84446,2
C,2610,64375,5825,0.829931,2
C,2610,64500,5700,0.8153830000000001,2
C,2610,64625,5575,0.800815,2
C,2610,64750,5455,0.792431,2
C,2610,64875,5330,0.777744,2
C,2610,65000,5205,0.763031,2
C,2610,65125,5080,0.7482909999999999,2
C,2610,65250,4955,0.733523,2
C,2610,65375,4830,0.718723,2
C,2610,65500,4705,0.703891,2
C,2610,65625,4580,0.689024,2
C,2610,65750,4455,0.67412,2
C,2610,65875,4335,0.664631,2
C,2610,66000,4210,0.6495690000000001,2
C,2610,66125,4085,0.634461,2
C,2610,66250,3960,0.619304,2
C,2610,66375,3840,0.6091799999999999,2
C,2610,66500,3715,0.593839,2
C,2610,66625,3590,0.5784389999999999,2
C,2610,66750,3465,0.562975,2
C,2610,66875,3345,0.552161,2
C,2610,67000,3180,0.497735,2
C,2610,67125,3095,0.520715,2
C,2610,67250,2975,0.509302,2
C,2610,67375,2850,0.49328299999999997,2
C,2610,67500,2725,0.47716500000000006,2
C,2610,67625,2605,0.46509500000000004,2
C,2610,67750,2485,0.45271,2
C,2610,67875,2365,0.44000500000000003,2
C,2610,68000,2245,0.426969,2
C,2610,68125,2125,0.413593,2
C,2610,68250,2005,0.39986199999999994,2
C,2610,68375,1885,0.385762,2
C,2610,68500,1770,0.374653,2
C,2610,68625,1655,0.362923,2
C,2610,68750,1540,0.350556,2
C,2610,68875,1430,0.34057699999999996,2
C,2610,69000,1275,0.30281199999999997,2
C,2610,69125,1220,0.323599,2
C,2610,69250,1120,0.316174,2
C,2610,69375,1020,0.307436,2
C,2610,69500,905,0.289601,2
C,2610,69625,835,0.293442,2
C,2610,69750,750,0.287736,2
C,2610,69875,675,0.285082,2
C,2610,70000,575,0.268351,2
C,2610,70125,530,0.27619,2
C,2610,70250,455,0.267337,2
C,2610,70375,390,0.26102000000000003,2
C,2610,70500,350,0.264914,2
C,2610,70625,300,0.261532,2
C,2610,70750,273,0.268248,2
C,2610,70875,240,0.269895,2
C,2610,71000,200,0.265237,2
C,2610,71125,181,0.271328,2
C,2610,71250,149,0.267026,2
C,2610,71375,136,0.273996,2
C,2610,71500,119,0.276646,2
C,2610,71625,100,0.275834,2
C,2610,71750,85,0.276474,2
C,2610,71875,73,0.278207,2
C,2610,72000,65,0.28274,2
C,2610,72125,52,0.279732,2
C,2610,72250,48,0.286688,2
C,2610,72375,37,0.282064,2
C,2610,72500,32,0.284912,2
C,2610,72625,26,0.284318,2
C,2610,72750,24,0.290752,2
C,2610,72875,19,0.289058,2
C,2610,73000,18,0.296542,2
C,2610,73125,13,0.290831,2
C,2610,73250,11,0.2929,2
C,2610,73375,9,0.293574,2
C,2610,73500,8,0.297756,2
C,2610,73625,6,0.291582,2
C,2610,73750,5,0.296821,2
C,2610,74000,4,0.30533699999999997,2
C,2610,74250,4,0.313331,2
C,2610,74500,2,0.313141,2
C,2610,74750,2,0.309435,2
C,2610,75000,2,0.32413800000000004,2
C,2610,75250,1,0.33508499999999997,2
C,2610,75500,1,0.314799,2
C,2610,75750,1,0.314799,2
C,2610,76000,1,0.314799,2
C,2610,76250,1,0.314799,2
C,2610,76500,1,0.314799,2
C,2610,77000,1,0.314799,2
C,2610,77500,1,0.314799,2
C,2610,78000,1,0.314799,2
C,2610,78500,1,0.314799,2
C,2610,79000,1,0.314799,2
C,2610,79500,1,0.314799,2
C,2610,80000,1,0.314799,2
C,2610,80500,1,0.314799,2
C,2611,59750,10805,0.406926,37
C,2611,60000,10570,0.40280099999999996,37
C,2611,60250,10330,0.397288,37
C,2611,60500,10095,0.39291800000000005,37
C,2611,60625,9975,0.39008000000000004,37
C,2611,60750,9860,0.38841299999999995,37
C,2611,60875,9740,0.385525,37
C,2611,61000,9620,0.382617,37
C,2611,61125,9505,0.380841,37
C,2611,61250,9390,0.379017,37
C,2611,61375,9270,0.37603000000000003,37
C,2611,61500,9155,0.37412999999999996,37
C,2611,61625,9045,0.373274,37
C,2611,61750,8920,0.36912100000000003,37
C,2611,61875,8810,0.36816699999999997,37
C,2611,62000,8690,0.365044,37
C,2611,62125,8580,0.36397799999999997,37
C,2611,62250,8460,0.360798,37
C,2611,62375,8350,0.35962200000000005,37
C,2611,62500,8225,0.355385,37
C,2611,62625,8120,0.355105,37
C,2611,62750,8000,0.351813,37
C,2611,62875,7895,0.351387,37
C,2611,63000,7775,0.348031,37
C,2611,63125,7665,0.34653300000000004,37
C,2611,63250,7550,0.344048,37
C,2611,63375,7440,0.34243899999999994,37
C,2611,63500,7330,0.34076900000000004,37
C,2611,63625,7220,0.339039,37
C,2611,63750,7105,0.336374,37
C,2611,63875,7000,0.335406,37
C,2611,64000,6885,0.332648,37
C,2611,64125,6780,0.331545,37
C,2611,64250,6670,0.329531,37
C,2611,64375,6575,0.32992699999999997,37
C,2611,64500,6450,0.32533900000000004,37
C,2611,64625,6360,0.32637,37
C,2611,64750,6240,0.322519,37
C,2611,64875,6130,0.320218,37
C,2611,65000,6030,0.319412,37
C,2611,65125,5920,0.31698899999999997,37
C,2611,65250,5815,0.31527,37
C,2611,65375,5720,0.314975,37
C,2611,65500,5610,0.312366,37
C,2611,65625,5510,0.31116499999999997,37
C,2611,65750,5405,0.309161,37
C,2611,65875,5305,0.307804,37
C,2611,66000,5205,0.306366,37
C,2611,66125,5120,0.306935,37
C,2611,66250,5005,0.30325199999999997,37
C,2611,66375,4920,0.30362100000000003,37
C,2611,66500,4815,0.30117499999999997,37
C,2611,66625,4735,0.301999,37
C,2611,66750,4620,0.29807500000000003,37
C,2611,66875,4540,0.298691,37
C,2611,67000,4430,0.295297,37
C,2611,67125,4365,0.297624,37
C,2611,67250,4250,0.293443,37
C,2611,67375,4160,0.29236999999999996,37
C,2611,67500,4065,0.290578,37
C,2611,67625,3995,0.29179700000000003,37
C,2611,67750,3890,0.288583,37
C,2611,67875,3815,0.288961,37
C,2611,68000,3600,0.272233,37
C,2611,68125,3650,0.287557,37
C,2611,68250,3535,0.28282,37
C,2611,68375,3465,0.283366,37
C,2611,68500,3340,0.27730499999999997,37
C,2611,68625,3295,0.280578,37
C,2611,68750,3170,0.27437100000000003,37
C,2611,68875,3140,0.279131,37
C,2611,69000,3020,0.27333999999999997,37
C,2611,69125,2990,0.27782599999999996,37
C,2611,69250,2880,0.273003,37
C,2611,69375,2840,0.276081,37
C,2611,69500,2720,0.269931,37
C,2611,69625,2690,0.273899,37
C,2611,69750,2575,0.268121,37
C,2611,69875,2550,0.272406,37
C,2611,70000,2440,0.26698299999999997,37
C,2611,70125,2375,0.266522,37
C,2611,70250,2310,0.265944,37
C,2611,70375,2250,0.265812,37
C,2611,70500,2175,0.263876,37
C,2611,70625,2120,0.26407,37
C,2611,70750,2060,0.263585,37
C,2611,70875,2010,0.26411,37
C,2611,71000,1900,0.257737,37
C,2611,71125,1895,0.26311599999999996,37
C,2611,71250,1830,0.261588,37
C,2611,71375,1795,0.263355,37
C,2611,71500,1715,0.25986899999999996,37
C,2611,71625,1680,0.261411,37
C,2611,71750,1615,0.259386,37
C,2611,71875,1585,0.261289,37
C,2611,72000,1505,0.257258,37
C,2611,72125,1490,0.260702,37
C,2611,72250,1425,0.258162,37
C,2611,72375,1395,0.25964,37
C,2611,72500,1320,0.255623,37
C,2611,72625,1310,0.259296,37
C,2611,72750,1250,0.256813,37
C,2611,72875,1220,0.257866,37
C,2611,73000,1150,0.25384799999999996,37
C,2611,73125,1120,0.254666,37
C,2611,73250,1095,0.25602,37
C,2611,73375,1045,0.25408000000000003,37
C,2611,73500,1020,0.25523,37
C,2611,73625,980,0.25432099999999996,37
C,2611,73750,950,0.254608,37
C,2611,74000,880,0.253498,37
C,2611,74250,820,0.25327500000000003,37
C,2611,74500,760,0.25258400000000003,37
C,2611,74750,715,0.253633,37
C,2611,75000,660,0.252761,37
C,2611,75250,610,0.252177,37
C,2611,75500,570,0.252755,37
C,2611,75750,525,0.252075,37
C,2611,76000,475,0.249997,37
C,2611,76250,450,0.251967,37
C,2611,76500,420,0.252689,37
C,2611,77000,355,0.25193,37
C,2611,77500,305,0.25268599999999997,37
C,2611,78000,254,0.251546,37
C,2611,78500,217,0.25235,37
C,2611,79000,180,0.251569,37
C,2611,79500,152,0.252053,37
C,2611,80000,122,0.250085,37
P,2610,59625,1,0.594372,2
P,2610,59750,1,0.594372,2
P,2610,59875,1,0.594372,2
P,2610,60000,1,0.6824089999999999,2
P,2610,60125,1,0.594372,2
P,2610,60250,1,0.665466,2
P,2610,60375,1,0.594372,2
P,2610,60500,1,0.594372,2
P,2610,60625,1,0.594372,2
P,2610,60750,1,0.594372,2
P,2610,60875,1,0.594372,2
P,2610,61000,1,0.614887,2
P,2610,61125,1,0.594372,2
P,2610,61250,1,0.594372,2
P,2610,61375,1,0.589728,2
P,2610,61500,1,0.58136,2
P,2610,61625,1,0.573001,2
P,2610,61750,1,0.564651,2
P,2610,61875,2,0.585533,2
P,2610,62000,1,0.547975,2
P,2610,62125,2,0.5745859999999999,2
P,2610,62250,2,0.548669,2
P,2610,62375,2,0.54038,2
P,2610,62500,2,0.542701,2
P,2610,62625,2,0.539526,2
P,2610,62750,2,0.515559,2
P,2610,62875,2,0.507301,2
P,2610,63000,3,0.534513,2
P,2610,63125,2,0.5045689999999999,2
P,2610,63250,2,0.495844,2
P,2610,63375,2,0.487124,2
P,2610,63500,3,0.498412,2
P,2610,63625,2,0.469698,2
P,2610,63750,3,0.48038600000000004,2
P,2610,63875,3,0.47137700000000005,2
P,2610,64000,4,0.476981,2
P,2610,64125,4,0.46774299999999996,2
P,2610,64250,4,0.45850700000000005,2
P,2610,64375,4,0.449272,2
P,2610,64500,5,0.45142400000000005,2
P,2610,64625,5,0.441994,2
P,2610,64750,7,0.44996899999999995,2
P,2610,64875,7,0.440824,2
P,2610,65000,7,0.43107100000000004,2
P,2610,65125,8,0.42859,2
P,2610,65250,9,0.42524999999999996,2
P,2610,65375,9,0.415226,2
P,2610,65500,10,0.405777,2
P,2610,65625,10,0.400893,2
P,2610,65750,10,0.390729,2
P,2610,65875,11,0.38571,2
P,2610,66000,12,0.380171,2
P,2610,66125,14,0.376667,2
P,2610,66250,15,0.37167900000000004,2
P,2610,66375,16,0.364632,2
P,2610,66500,17,0.357277,2
P,2610,66625,18,0.349611,2
P,2610,66750,17,0.335402,2
P,2610,66875,21,0.336252,2
P,2610,67000,23,0.33022100000000004,2
P,2610,67125,24,0.321217,2
P,2610,67250,26,0.314282,2
P,2610,67375,29,0.308956,2
P,2610,67500,31,0.300945,2
P,2610,67625,35,0.29611699999999996,2
P,2610,67750,39,0.290379,2
P,2610,67875,42,0.282323,2
P,2610,68000,45,0.27374,2
P,2610,68125,52,0.269885,2
P,2610,68250,56,0.261205,2
P,2610,68375,71,0.263834,2
P,2610,68500,81,0.25910299999999997,2
P,2610,68625,85,0.247699,2
P,2610,68750,110,0.253146,2
P,2610,68875,116,0.241345,2
P,2610,69000,144,0.244292,2
P,2610,69125,162,0.238124,2
P,2610,69250,190,0.23643999999999998,2
P,2610,69375,220,0.23372800000000002,2
P,2610,69500,247,0.22727699999999998,2
P,2610,69625,300,0.232346,2
P,2610,69750,345,0.23060099999999997,2
P,2610,69875,370,0.216675,2
P,2610,70000,455,0.22956900000000002,2
P,2610,70125,475,0.208312,2
P,2610,70250,520,0.19616399999999998,2
P,2610,70375,610,0.20326799999999998,2
P,2610,70500,685,0.199998,2
P,2610,70625,755,0.19043,2
P,2610,70750,830,0.178964,2
P,2610,70875,925,0.175544,2
P,2610,71000,1040,0.18387399999999998,2
P,2610,71125,1115,0.150249,2
P,2610,71250,1215,0.114954,2
P,2611,59750,225,0.343888,37
P,2611,60000,237,0.34098999999999996,37
P,2611,60250,245,0.336556,37
P,2611,60500,259,0.333931,37
P,2611,60625,260,0.330644,37
P,2611,60750,267,0.329219,37
P,2611,60875,273,0.327433,37
P,2611,61000,291,0.32915,37
P,2611,61125,290,0.325188,37
P,2611,61250,305,0.325806,37
P,2611,61375,305,0.32210500000000003,37
P,2611,61500,320,0.322535,37
P,2611,61625,325,0.32015099999999996,37
P,2611,61750,335,0.319057,37
P,2611,61875,340,0.316596,37
P,2611,62000,360,0.31791,37
P,2611,62125,360,0.314096,37
P,2611,62250,375,0.313964,37
P,2611,62375,380,0.311324,37
P,2611,62500,395,0.311017,37
P,2611,62625,400,0.308294,37
P,2611,62750,420,0.308953,37
P,2611,62875,425,0.306136,37
P,2611,63000,445,0.306574,37
P,2611,63125,445,0.30259199999999997,37
P,2611,63250,465,0.302849,37
P,2611,63375,470,0.299869,37
P,2611,63500,500,0.301955,37
P,2611,63625,500,0.297868,37
P,2611,63750,525,0.298701,37
P,2611,63875,530,0.295533,37
P,2611,64000,555,0.296139,37
P,2611,64125,555,0.291947,37
P,2611,64250,585,0.29327400000000003,37
P,2611,64375,600,0.291732,37
P,2611,64500,620,0.291003,37
P,2611,64625,640,0.290176,37
P,2611,64750,660,0.289254,37
P,2611,64875,660,0.284869,37
P,2611,65000,705,0.28796,37
P,2611,65125,700,0.282677,37
P,2611,65250,735,0.283863,37
P,2611,65375,745,0.280928,37
P,2611,65500,785,0.282635,37
P,2611,65625,790,0.278795,37
P,2611,65750,825,0.279483,37
P,2611,65875,835,0.276295,37
P,2611,66000,880,0.278223,37
P,2611,66125,895,0.275623,37
P,2611,66250,940,0.277256,37
P,2611,66375,950,0.273787,37
P,2611,66500,1000,0.275849,37
P,2611,66625,1010,0.272241,37
P,2611,66750,1045,0.27199,37
P,2611,66875,1070,0.270277,37
P,2611,67000,1115,0.271132,37
P,2611,67125,1140,0.269222,37
P,2611,67250,1180,0.269173,37
P,2611,67375,1185,0.264507,37
P,2611,67500,1250,0.267438,37
P,2611,67625,1270,0.264524,37
P,2611,67750,1320,0.265277,37
P,2611,67875,1335,0.26157,37
P,2611,68000,1400,0.263922,37
P,2611,68125,1425,0.261256,37
P,2611,68250,1480,0.262118,37
P,2611,68375,1485,0.25686699999999996,37
P,2611,68500,1555,0.25927900000000004,37
P,2611,68625,1590,0.257407,37
P,2611,68750,1650,0.258359,37
P,2611,68875,1685,0.256266,37
P,2611,69000,1760,0.258699,37
P,2611,69125,1785,0.25522500000000004,37
P,2611,69250,1850,0.256243,37
P,2611,69375,1880,0.253133,37
P,2611,69500,1955,0.255038,37
P,2611,69625,2020,0.255672,37
P,2611,69750,2060,0.253351,37
P,2611,69875,2105,0.25148,37
P,2611,70000,2200,0.255124,37
P,2611,70125,2220,0.25019600000000003,37
P,2611,70250,2295,0.251336,37
P,2611,70375,2340,0.248978,37
P,2611,70500,2415,0.24986899999999998,37
P,2611,70625,2475,0.248948,37
P,2611,70750,2540,0.248464,37
P,2611,70875,2600,0.24728999999999998,37
P,2611,71000,2690,0.249381,37
P,2611,71125,2735,0.246254,37
P,2611,71250,2815,0.246968,37
P,2611,71375,2880,0.24585,37
P,2611,71500,2945,0.244598,37
P,2611,71625,2960,0.23742999999999997,37
P,2611,71750,3105,0.245166,37
P,2611,71875,3150,0.24118099999999998,37
P,2611,72000,3240,0.242314,37
P,2611,72125,3300,0.239783,37
P,2611,72250,3375,0.23888,37
P,2611,72375,3450,0.237838,37
P,2611,72500,3530,0.237261,37
P,2611,72625,3605,0.235933,37
P,2611,72750,3730,0.24066099999999999,37
P,2611,72875,3750,0.232181,37
P,2611,73000,3895,0.239274,37
P,2611,73125,3915,0.23032,37
P,2611,73250,4035,0.234072,37
P,2611,73375,4085,0.228511,37
P,2611,73500,4220,0.234109,37
P,2611,73625,4265,0.22745200000000002,37
P,2611,73750,4345,0.225307,37
P,2611,74000,4535,0.224753,37
P,2611,74250,4725,0.22364,37
P,2611,74500,4920,0.22270299999999998,37
P,2611,74750,5105,0.219519,37
P,2611,75000,5310,0.21896100000000002,37
P,2611,75250,5510,0.216913,37
P,2611,75500,5720,0.216038,37
P,2611,75750,5925,0.21351199999999998,37
P,2611,76000,6135,0.21121800000000002,37
P,2611,76250,6350,0.20924800000000002,37
P,2611,76500,6565,0.20643999999999998,37
P,2611,77000,7005,0.200607,37
P,2611,77500,7445,0.189416,37
P,2611,78000,7895,0.172606,37
P,2611,78500,8355,0.12328599999999999,37
C,261009,59625,10570,1.368236,2
C,261009,59750,10445,1.3538640000000002,2
C,261009,59875,10320,1.3394990000000002,2
C,261009,60000,10195,1.325143,2
C,261009,60125,10070,1.310794,2
C,261009,60250,9945,1.296452,2
C,261009,60375,9820,1.282116,2
C,261009,60500,9695,1.267787,2
C,261009,60625,9570,1.253463,2
C,261009,60750,9445,1.239144,2
C,261009,60875,9320,1.224829,2
C,261009,61000,9200,1.218966,2
C,261009,61125,9075,1.20459,2
C,261009,61250,8950,1.190218,2
C,261009,61375,8825,1.175847,2
C,261009,61500,8700,1.1614790000000002,2
C,261009,61625,8575,1.147111,2
C,261009,61750,8450,1.1327450000000001,2
C,261009,61875,8325,1.118378,2
C,261009,62000,8200,1.104011,2
C,261009,62125,8075,1.089643,2
C,261009,62250,7950,1.075273,2
C,261009,62375,7825,1.0609,2
C,261009,62500,7700,1.046525,2
C,261009,62625,7575,1.032145,2
C,261009,62750,7450,1.01776,2
C,261009,62875,7325,1.00337,2
C,261009,63000,7200,0.988974,2
C,261009,63125,7075,0.9745699999999999,2
C,261009,63250,6950,0.960158,2
C,261009,63375,6825,0.9457380000000001,2
C,261009,63500,6700,0.931307,2
C,261009,63625,6575,0.916866,2
C,261009,63750,6450,0.9024129999999999,2
C,261009,63875,6325,0.887947,2
C,261009,64000,6200,0.873467,2
C,261009,64125,6075,0.858972,2
C,261009,64250,5950,0.84446,2
C,261009,64375,5825,0.829931,2
C,261009,64500,5700,0.8153830000000001,2
C,261009,64625,5575,0.800815,2
C,261009,64750,5455,0.792431,2
C,261009,64875,5330,0.777744,2
C,261009,65000,5205,0.763031,2
C,261009,65125,5080,0.7482909999999999,2
C,261009,65250,4955,0.733523,2
C,261009,65375,4830,0.718723,2
C,261009,65500,4705,0.703891,2
C,261009,65625,4580,0.689024,2
C,261009,65750,4455,0.67412,2
C,261009,65875,4335,0.664631,2
C,261009,66000,4210,0.6495690000000001,2
C,261009,66125,4085,0.634461,2
C,261009,66250,3960,0.619304,2
C,261009,66375,3840,0.6091799999999999,2
C,261009,66500,3715,0.593839,2
C,261009,66625,3590,0.5784389999999999,2
C,261009,66750,3465,0.562975,2
C,261009,66875,3345,0.552161,2
C,261009,67000,3180,0.497735,2
C,261009,67125,3095,0.520715,2
C,261009,67250,2975,0.509302,2
C,261009,67375,2850,0.49328299999999997,2
C,261009,67500,2725,0.47716500000000006,2
C,261009,67625,2605,0.46509500000000004,2
C,261009,67750,2485,0.45271,2
C,261009,67875,2365,0.44000500000000003,2
C,261009,68000,2245,0.426969,2
C,261009,68125,2125,0.413593,2
C,261009,68250,2005,0.39986199999999994,2
C,261009,68375,1885,0.385762,2
C,261009,68500,1770,0.374653,2
C,261009,68625,1655,0.362923,2
C,261009,68750,1540,0.350556,2
C,261009,68875,1430,0.34057699999999996,2
C,261009,69000,1275,0.30281199999999997,2
C,261009,69125,1220,0.323599,2
C,261009,69250,1120,0.316174,2
C,261009,69375,1020,0.307436,2
C,261009,69500,905,0.289601,2
C,261009,69625,835,0.293442,2
C,261009,69750,750,0.287736,2
C,261009,69875,675,0.285082,2
C,261009,70000,575,0.268351,2
C,261009,70125,530,0.27619,2
C,261009,70250,455,0.267337,2
C,261009,70375,390,0.26102000000000003,2
C,261009,70500,350,0.264914,2
C,261009,70625,300,0.261532,2
C,261009,70750,273,0.268248,2
C,261009,70875,240,0.269895,2
C,261009,71000,200,0.265237,2
C,261009,71125,181,0.271328,2
C,261009,71250,149,0.267026,2
C,261009,71375,136,0.273996,2
C,261009,71500,119,0.276646,2
C,261009,71625,100,0.275834,2
C,261009,71750,85,0.276474,2
C,261009,71875,73,0.278207,2
C,261009,72000,65,0.28274,2
C,261009,72125,52,0.279732,2
C,261009,72250,48,0.286688,2
C,261009,72375,37,0.282064,2
C,261009,72500,32,0.284912,2
C,261009,72625,26,0.284318,2
C,261009,72750,24,0.290752,2
C,261009,72875,19,0.289058,2
C,261009,73000,18,0.296542,2
C,261009,73125,13,0.290831,2
C,261009,73250,11,0.2929,2
C,261009,73375,9,0.293574,2
C,261009,73500,8,0.297756,2
C,261009,73625,6,0.295128,2
C,261014,60500,9715,0.6884170000000001,7
C,261014,60625,9590,0.6806650000000001,7
C,261014,60750,9465,0.672915,7
C,261014,60875,9340,0.665168,7
C,261014,61000,9215,0.657424,7
C,261014,61125,9095,0.65401,7
C,261014,61250,8970,0.6462340000000001,7
C,261014,61375,8845,0.6384599999999999,7
C,261014,61500,8725,0.634848,7
C,261014,61625,8600,0.627041,7
C,261014,61750,8475,0.6192340000000001,7
C,261014,61875,8355,0.615428,7
C,261014,62000,8230,0.607587,7
C,261014,62125,8105,0.599745,7
C,261014,62250,7980,0.5919019999999999,7
C,261014,62375,7855,0.584058,7
C,261014,62500,7730,0.5762120000000001,7
C,261014,62625,7605,0.5683630000000001,7
C,261014,62750,7480,0.5605129999999999,7
C,261014,62875,7360,0.556333,7
C,261014,63000,7235,0.548441,7
C,261014,63125,7115,0.544105,7
C,261014,63250,6990,0.536171,7
C,261014,63375,6865,0.528231,7
C,261014,63500,6745,0.523701,7
C,261014,63625,6620,0.515716,7
C,261014,63750,6495,0.507725,7
C,261014,63875,6375,0.503,7
C,261014,64000,6250,0.494959,7
C,261014,64125,6125,0.486909,7
C,261014,64250,6005,0.481989,7
C,261014,64375,5880,0.473886,7
C,261014,64500,5755,0.46577199999999996,7
C,261014,64625,5640,0.463628,7
C,261014,64750,5515,0.45542299999999997,7
C,261014,64875,5395,0.45008499999999996,7
C,261014,65000,5270,0.44181800000000004,7
C,261014,65125,5150,0.436325,7
C,261014,65250,5030,0.43072499999999997,7
C,261014,65375,4905,0.422342,7
C,261014,65500,4785,0.416584,7
C,261014,65625,4665,0.410719,7
C,261014,65750,4540,0.40220999999999996,7
C,261014,65875,4420,0.39618200000000003,7
C,261014,66000,4305,0.392483,7
C,261014,66125,4185,0.386191,7
C,261014,66250,4065,0.37979,7
C,261014,66375,3945,0.37328000000000006,7
C,261014,66500,3820,0.364412,7
C,261014,66625,3710,0.36212200000000005,7
C,261014,66750,3590,0.355236,7
C,261014,66875,3475,0.35033200000000003,7
C,261014,67000,3360,0.34521999999999997,7
C,261014,67125,3245,0.339904,7
C,261014,67250,3130,0.334382,7
C,261014,67375,3015,0.328657,7
C,261014,67500,2905,0.324582,7
C,261014,67625,2795,0.32021299999999997,7
C,261014,67750,2680,0.313792,7
C,261014,67875,2575,0.31061,7
C,261014,68000,2465,0.30538,7
C,261014,68125,2365,0.303139,7
C,261014,68250,2255,0.29726600000000003,7
C,261014,68375,2150,0.29267,7
C,261014,68500,2050,0.289246,7
C,261014,68625,1945,0.283903,7
C,261014,68750,1860,0.284057,7
C,261014,68875,1765,0.280748,7
C,261014,69000,1675,0.27837599999999996,7
C,261014,69125,1580,0.274103,7
C,261014,69250,1500,0.273444,7
C,261014,69375,1410,0.269507,7
C,261014,69500,1335,0.26903099999999996,7
C,261014,69625,1255,0.266631,7
C,261014,69750,1180,0.264952,7
C,261014,69875,1115,0.26526,7
C,261014,70000,1050,0.264937,7
C,261014,70125,985,0.26399,7
C,261014,70250,915,0.26111999999999996,7
C,261014,70375,865,0.262796,7
C,261014,70500,760,0.24945699999999998,7
C,261014,70625,710,0.249777,7
C,261014,70750,650,0.246761,7
C,261014,70875,625,0.252516,7
C,261014,71000,575,0.25088699999999997,7
C,261014,71125,530,0.249949,7
C,261014,71250,490,0.249756,7
C,261014,71375,455,0.250376,7
C,261014,71500,420,0.25037400000000004,7
C,261014,71625,390,0.251285,7
C,261014,71750,355,0.24998,7
C,261014,71875,335,0.252961,7
C,261014,72000,305,0.252038,7
C,261014,72125,281,0.25256,7
C,261014,72250,263,0.25473,7
C,261014,72375,238,0.25371,7
C,261014,72500,220,0.254818,7
C,261014,72625,200,0.254538,7
C,261014,72750,190,0.258072,7
C,261014,72875,176,0.25945,7
C,261014,73000,157,0.257896,7
C,261014,73125,141,0.257092,7
C,261014,73250,132,0.259432,7
C,261014,73375,121,0.260258,7
C,261014,73500,106,0.258097,7
C,261014,73625,99,0.260304,7
C,261016,60500,9710,0.6003580000000001,9
C,261016,60625,9585,0.59357,9
C,261016,60750,9465,0.5908019999999999,9
C,261016,60875,9340,0.583987,9
C,261016,61000,9215,0.577174,9
C,261016,61125,9090,0.570363,9
C,261016,61250,8965,0.563554,9
C,261016,61375,8845,0.560545,9
C,261016,61500,8720,0.553707,9
C,261016,61625,8595,0.54687,9
C,261016,61750,8470,0.540033,9
C,261016,61875,8350,0.536814,9
C,261016,62000,8225,0.5299470000000001,9
C,261016,62125,8100,0.523079,9
C,261016,62250,7975,0.516211,9
C,261016,62375,7850,0.509341,9
C,261016,62500,7730,0.505882,9
C,261016,62625,7605,0.498979,9
C,261016,62750,7480,0.492073,9
C,261016,62875,7355,0.485165,9
C,261016,63000,7230,0.478254,9
C,261016,63125,7105,0.47134,9
C,261016,63250,6985,0.467603,9
C,261016,63375,6860,0.46065,9
C,261016,63500,6740,0.45677100000000004,9
C,261016,63625,6615,0.449777,9
C,261016,63750,6490,0.442778,9
C,261016,63875,6365,0.435772,9
C,261016,64000,6245,0.43167900000000003,9
C,261016,64125,6125,0.427484,9
C,261016,64250,6000,0.42039499999999996,9
C,261016,64375,5880,0.41606099999999996,9
C,261016,64500,5755,0.408924,9
C,261016,64625,5635,0.40445099999999995,9
C,261016,64750,5515,0.39988,9
C,261016,64875,5390,0.39265,9
C,261016,65000,5265,0.385408,9
C,261016,65125,5150,0.38313400000000003,9
C,261016,65250,5030,0.378232,9
C,261016,65375,4910,0.373236,9
C,261016,65500,4785,0.365817,9
C,261016,65625,4670,0.36296100000000003,9
C,261016,65750,4550,0.35768300000000003,9
C,261016,65875,4430,0.352311,9
C,261016,66000,4315,0.34897500000000004,9
C,261016,66125,4190,0.341285,9
C,261016,66250,4075,0.33767800000000003,9
C,261016,66375,3960,0.333883,9
C,261016,66500,3835,0.326002,9
C,261016,66625,3725,0.323847,9
C,261016,66750,3610,0.31955500000000003,9
C,261016,66875,3500,0.316893,9
C,261016,67000,3390,0.313964,9
C,261016,67125,3275,0.30906500000000003,9
C,261016,67250,3165,0.305668,9
C,261016,67375,3050,0.30039,9
C,261016,67500,2955,0.301304,9
C,261016,67625,2840,0.295553,9
C,261016,67750,2730,0.29114799999999996,9
C,261016,67875,2630,0.289463,9
C,261016,68000,2530,0.287405,9
C,261016,68125,2430,0.284988,9
C,261016,68250,2330,0.28222,9
C,261016,68375,2235,0.280451,9
C,261016,68500,2130,0.275654,9
C,261016,68625,2035,0.273157,9
C,261016,68750,1955,0.27407800000000004,9
C,261016,68875,1870,0.273241,9
C,261016,69000,1780,0.270727,9
C,261016,69125,1685,0.26659900000000003,9
C,261016,69250,1615,0.26805,9
C,261016,69375,1525,0.26427,9
C,261016,69500,1460,0.265905,9
C,261016,69625,1380,0.263554,9
C,261016,69750,1305,0.261892,9
C,261016,69875,1245,0.26318400000000003,9
C,261016,70000,1100,0.244585,9
C,261016,70125,1115,0.26199300000000003,9
C,261016,70250,1050,0.260661,9
C,261016,70375,985,0.258829,9
C,261016,70500,865,0.243823,9
C,261016,70625,805,0.242009,9
C,261016,70750,750,0.240806,9
C,261016,70875,725,0.246166,9
C,261016,71000,665,0.24272300000000002,9
C,261016,71125,615,0.241092,9
C,261016,71250,580,0.242618,9
C,261016,71375,540,0.242405,9
C,261016,71500,500,0.241658,9
C,261016,71625,465,0.241685,9
C,261016,71750,425,0.23981200000000003,9
C,261016,71875,405,0.24296500000000001,9
C,261016,72000,380,0.24432600000000002,9
C,261016,72125,350,0.24375699999999997,9
C,261016,72250,325,0.244185,9
C,261016,72375,297,0.243161,9
C,261016,72500,275,0.243551,9
C,261016,72625,254,0.24380600000000002,9
C,261016,72750,239,0.245745,9
C,261016,72875,227,0.248457,9
C,261016,73000,201,0.24541899999999997,9
C,261016,73125,181,0.244037,9
C,261016,73250,171,0.246372,9
C,261016,73375,159,0.24751599999999999,9
C,261016,73500,137,0.243455,9
C,261016,73625,132,0.247116,9
C,261021,60500,9745,0.498267,14
C,261021,60625,9620,0.492686,14
C,261021,60750,9500,0.49009199999999997,14
C,261021,60875,9375,0.484493,14
C,261021,61000,9255,0.481795,14
C,261021,61125,9130,0.47617600000000004,14
C,261021,61250,9010,0.473377,14
C,261021,61375,8890,0.470499,14
C,261021,61500,8765,0.464839,14
C,261021,61625,8640,0.459179,14
C,261021,61750,8515,0.45352,14
C,261021,61875,8395,0.45050199999999996,14
C,261021,62000,8270,0.444821,14
C,261021,62125,8145,0.439139,14
C,261021,62250,8020,0.433457,14
C,261021,62375,7900,0.430297,14
C,261021,62500,7775,0.42459,14
C,261021,62625,7650,0.418882,14
C,261021,62750,7530,0.41560400000000003,14
C,261021,62875,7405,0.409869,14
C,261021,63000,7285,0.40649599999999997,14
C,261021,63125,7165,0.40305199999999997,14
C,261021,63250,7045,0.399541,14
C,261021,63375,6930,0.39817199999999997,14
C,261021,63500,6810,0.394486,14
C,261021,63625,6690,0.39073599999999997,14
C,261021,63750,6570,0.386922,14
C,261021,63875,6455,0.38508499999999996,14
C,261021,64000,6330,0.37910699999999997,14
C,261021,64125,6210,0.37510599999999994,14
C,261021,64250,6095,0.372981,14
C,261021,64375,5975,0.368826,14
C,261021,64500,5850,0.362739,14
C,261021,64625,5735,0.360336,14
C,261021,64750,5610,0.35419199999999995,14
C,261021,64875,5485,0.348037,14
C,261021,65000,5370,0.345404,14
C,261021,65125,5255,0.342641,14
C,261021,65250,5140,0.33975299999999997,14
C,261021,65375,5025,0.33674,14
C,261021,65500,4910,0.333607,14
C,261021,65625,4795,0.330355,14
C,261021,65750,4680,0.326986,14
C,261021,65875,4570,0.325013,14
C,261021,66000,4450,0.319905,14
C,261021,66125,4325,0.31327,14
C,261021,66250,4220,0.312373,14
C,261021,66375,4095,0.305624,14
C,261021,66500,3970,0.298848,14
C,261021,66625,3900,0.306948,14
C,261021,66750,3790,0.303873,14
C,261021,66875,3685,0.30192,14
C,261021,67000,3585,0.301012,14
C,261021,67125,3475,0.297408,14
C,261021,67250,3370,0.29485700000000004,14
C,261021,67375,3265,0.292115,14
C,261021,67500,3170,0.291493,14
C,261021,67625,3065,0.288335,14
C,261021,67750,2960,0.28499199999999997,14
C,261021,67875,2865,0.283656,14
C,261021,68000,2770,0.282064,14
C,261021,68125,2670,0.279165,14
C,261021,68250,2575,0.277093,14
C,261021,68375,2480,0.274777,14
C,261021,68500,2390,0.273229,14
C,261021,68625,2300,0.271414,14
C,261021,68750,2215,0.27031700000000003,14
C,261021,68875,2140,0.27087700000000003,14
C,261021,69000,2060,0.27014900000000003,14
C,261021,69125,1975,0.268173,14
C,261021,69250,1905,0.268746,14
C,261021,69375,1820,0.266191,14
C,261021,69500,1750,0.266144,14
C,261021,69625,1675,0.264859,14
C,261021,69750,1605,0.26419,14
C,261021,69875,1540,0.264127,14
C,261021,70000,1470,0.262835,14
C,261021,70125,1400,0.261231,14
C,261021,70250,1330,0.259311,14
C,261021,70375,1260,0.257068,14
C,261021,70500,1170,0.250821,14
C,261021,70625,1105,0.248811,14
C,261021,70750,1045,0.247378,14
C,261021,70875,990,0.24653,14
C,261021,71000,930,0.244393,14
C,261021,71125,875,0.242834,14
C,261021,71250,825,0.241869,14
C,261021,71375,775,0.240544,14
C,261021,71500,725,0.238843,14
C,261021,71625,685,0.23876899999999998,14
C,261021,71750,645,0.238354,14
C,261021,71875,615,0.23968,14
C,261021,72000,580,0.23965399999999998,14
C,261021,72125,545,0.239292,14
C,261021,72250,515,0.239695,14
C,261021,72375,485,0.239783,14
C,261021,72500,455,0.239543,14
C,261021,72625,430,0.24015999999999998,14
C,261021,72750,405,0.24047999999999997,14
C,261021,72875,385,0.241757,14
C,261021,73000,355,0.24017,14
C,261021,73125,335,0.240854,14
C,261021,73250,320,0.242642,14
C,261021,73375,305,0.24421800000000002,14
C,261021,73500,285,0.244106,14
C,261021,73625,269,0.244885,14
C,261023,61125,9165,0.457853,16
C,261023,61250,9045,0.454993,16
C,261023,61375,8920,0.44961599999999996,16
C,261023,61500,8795,0.44423900000000005,16
C,261023,61625,8670,0.438863,16
C,261023,61750,8550,0.43588299999999996,16
C,261023,61875,8425,0.430488,16
C,261023,62000,8300,0.42509300000000005,16
C,261023,62125,8175,0.41969700000000004,16
C,261023,62250,8050,0.41430100000000003,16
C,261023,62375,7930,0.41117899999999996,16
C,261023,62500,7805,0.405762,16
C,261023,62625,7680,0.400343,16
C,261023,62750,7560,0.39711799999999997,16
C,261023,62875,7440,0.393831,16
C,261023,63000,7325,0.39258200000000004,16
C,261023,63125,7205,0.38913899999999996,16
C,261023,63250,7085,0.38563899999999995,16
C,261023,63375,6970,0.38405500000000004,16
C,261023,63500,6850,0.380409,16
C,261023,63625,6735,0.378602,16
C,261023,63750,6620,0.37666499999999997,16
C,261023,63875,6505,0.37460299999999996,16
C,261023,64000,6385,0.370654,16
C,261023,64125,6265,0.366653,16
C,261023,64250,6145,0.362601,16
C,261023,64375,6030,0.360184,16
C,261023,64500,5910,0.356004,16
C,261023,64625,5785,0.35013800000000006,16
C,261023,64750,5660,0.344261,16
C,261023,64875,5535,0.338374,16
C,261023,65000,5430,0.338776,16
C,261023,65125,5315,0.335873,16
C,261023,65250,5200,0.33286499999999997,16
C,261023,65375,5085,0.329754,16
C,261023,65500,4975,0.32798,16
C,261023,65625,4860,0.324642,16
C,261023,65750,4750,0.32258600000000004,16
C,261023,65875,4640,0.32037999999999994,16
C,261023,66000,4515,0.31404,16
C,261023,66125,4390,0.30768,16
C,261023,66250,4285,0.306491,16
C,261023,66375,4160,0.300028,16
C,261023,66500,4035,0.293538,16
C,261023,66625,3985,0.305361,16
C,261023,66750,3875,0.302163,16
C,261023,66875,3775,0.301144,16
C,261023,67000,3675,0.299909,16
C,261023,67125,3570,0.297358,16
C,261023,67250,3465,0.294643,16
C,261023,67375,3360,0.291766,16
C,261023,67500,3265,0.290839,16
C,261023,67625,3165,0.288646,16
C,261023,67750,3065,0.286264,16
C,261023,67875,2970,0.284698,16
C,261023,68000,2875,0.282916,16
C,261023,68125,2775,0.279947,16
C,261023,68250,2680,0.27775500000000003,16
C,261023,68375,2585,0.275354,16
C,261023,68500,2500,0.274616,16
C,261023,68625,2410,0.2727,16
C,261023,68750,2320,0.27055599999999996,16
C,261023,68875,2245,0.270897,16
C,261023,69000,2175,0.27185,16
C,261023,69125,2095,0.270739,16
C,261023,69250,2020,0.270253,16
C,261023,69375,1940,0.268628,16
C,261023,69500,1870,0.268486,16
C,261023,69625,1795,0.26720900000000003,16
C,261023,69750,1725,0.26653,16
C,261023,69875,1655,0.265581,16
C,261023,70000,1585,0.264362,16
C,261023,70125,1510,0.262018,16
C,261023,70250,1435,0.2594,16
C,261023,70375,1365,0.25735600000000003,16
C,261023,70500,1295,0.255025,16
C,261023,70625,1225,0.252397,16
C,261023,70750,1160,0.250328,16
C,261023,70875,1095,0.247951,16
C,261023,71000,1035,0.24613,16
C,261023,71125,975,0.24399,16
C,261023,71250,920,0.242412,16
C,261023,71375,865,0.240506,16
C,261023,71500,815,0.239176,16
C,261023,71625,770,0.238444,16
C,261023,71750,730,0.238339,16
C,261023,71875,695,0.23889500000000002,16
C,261023,72000,660,0.239177,16
C,261023,72125,625,0.239176,16
C,261023,72250,590,0.238882,16
C,261023,72375,555,0.238284,16
C,261023,72500,525,0.238428,16
C,261023,72625,495,0.23828700000000003,16
C,261023,72750,470,0.238959,16
C,261023,72875,440,0.23823699999999998,16
C,261023,73000,415,0.238358,16
C,261023,73125,400,0.240597,16
C,261023,73250,380,0.24144100000000002,16
C,261023,73375,365,0.243307,16
C,261023,73500,350,0.24499500000000002,16
C,261023,73625,330,0.245179,16
C,261028,62500,7885,0.37975000000000003,21
C,261028,62625,7760,0.374805,21
C,261028,62750,7640,0.371569,21
C,261028,62875,7525,0.369965,21
C,261028,63000,7405,0.36662,21
C,261028,63125,7290,0.364848,21
C,261028,63250,7175,0.362979,21
C,261028,63375,7060,0.36101500000000003,21
C,261028,63500,6945,0.35896,21
C,261028,63625,6835,0.358296,21
C,261028,63750,6720,0.356036,21
C,261028,63875,6605,0.353692,21
C,261028,64000,6490,0.351266,21
C,261028,64125,6375,0.34875799999999996,21
C,261028,64250,6255,0.344818,21
C,261028,64375,6145,0.343508,21
C,261028,64500,6025,0.339459,21
C,261028,64625,5905,0.335372,21
C,261028,64750,5780,0.32996699999999995,21
C,261028,64875,5660,0.32582099999999997,21
C,261028,65000,5555,0.325366,21
C,261028,65125,5440,0.322314,21
C,261028,65250,5330,0.320384,21
C,261028,65375,5220,0.31834,21
C,261028,65500,5110,0.316185,21
C,261028,65625,5005,0.31505099999999997,21
C,261028,65750,4895,0.312661,21
C,261028,65875,4790,0.311256,21
C,261028,66000,4670,0.306495,21
C,261028,66125,4550,0.301691,21
C,261028,66250,4445,0.299985,21
C,261028,66375,4325,0.295057,21
C,261028,66500,4205,0.290083,21
C,261028,66625,4155,0.298997,21
C,261028,66750,4050,0.296684,21
C,261028,66875,3955,0.296151,21
C,261028,67000,3855,0.2945,21
C,261028,67125,3755,0.292701,21
C,261028,67250,3650,0.289846,21
C,261028,67375,3550,0.28777,21
C,261028,67500,3455,0.286435,21
C,261028,67625,3365,0.285807,21
C,261028,67750,3265,0.283271,21
C,261028,67875,3170,0.281447,21
C,261028,68000,3080,0.280302,21
C,261028,68125,2990,0.278979,21
C,261028,68250,2890,0.275841,21
C,261028,68375,2800,0.274187,21
C,261028,68500,2720,0.273964,21
C,261028,68625,2625,0.271152,21
C,261028,68750,2545,0.270547,21
C,261028,68875,2470,0.270524,21
C,261028,69000,2400,0.271065,21
C,261028,69125,2320,0.269851,21
C,261028,69250,2245,0.269209,21
C,261028,69375,2170,0.268365,21
C,261028,69500,2100,0.268077,21
C,261028,69625,2025,0.26683,21
C,261028,69750,1955,0.266133,21
C,261028,69875,1885,0.265231,21
C,261028,70000,1815,0.264124,21
C,261028,70125,1740,0.262065,21
C,261028,70250,1670,0.260544,21
C,261028,70375,1600,0.258811,21
C,261028,70500,1530,0.256863,21
C,261028,70625,1460,0.254694,21
C,261028,70750,1395,0.25305099999999997,21
C,261028,70875,1330,0.25117999999999996,21
C,261028,71000,1265,0.249075,21
C,261028,71125,1205,0.247492,21
C,261028,71250,1150,0.246439,21
C,261028,71375,1090,0.244376,21
C,261028,71500,1040,0.243622,21
C,261028,71625,995,0.243425,21
C,261028,71750,950,0.243003,21
C,261028,71875,910,0.243162,21
C,261028,72000,870,0.24310500000000002,21
C,261028,72125,830,0.24282900000000002,21
C,261028,72250,795,0.243168,21
C,261028,72375,755,0.242446,21
C,261028,72500,720,0.24235199999999998,21
C,261028,72625,685,0.242039,21
C,261028,72750,655,0.242397,21
C,261028,72875,625,0.242552,21
C,261028,73000,595,0.242499,21
C,261028,73125,570,0.243181,21
C,261028,73250,550,0.244647,21
C,261028,73375,530,0.24596,21
C,261028,73500,510,0.247117,21
C,261028,73625,485,0.247089,21
C,261030,62500,7920,0.37292200000000003,23
C,261030,62625,7800,0.369699,23
C,261030,62750,7680,0.366439,23
C,261030,62875,7565,0.364672,23
C,261030,63000,7450,0.362817,23
C,261030,63125,7335,0.36087800000000003,23
C,261030,63250,7220,0.358855,23
C,261030,63375,7105,0.35675199999999996,23
C,261030,63500,6990,0.35457,23
C,261030,63625,6880,0.353672,23
C,261030,63750,6765,0.351314,23
C,261030,63875,6655,0.35019300000000003,23
C,261030,64000,6535,0.346379,23
C,261030,64125,6420,0.34380499999999997,23
C,261030,64250,6305,0.34116199999999997,23
C,261030,64375,6195,0.339677,23
C,261030,64500,6075,0.335668,23
C,261030,64625,5955,0.331626,23
C,261030,64750,5835,0.327549,23
C,261030,64875,5715,0.323437,23
C,261030,65000,5610,0.322737,23
C,261030,65125,5500,0.320768,23
C,261030,65250,5390,0.31869800000000004,23
C,261030,65375,5280,0.316529,23
C,261030,65500,5175,0.315329,23
C,261030,65625,5065,0.312949,23
C,261030,65750,4960,0.311507,23
C,261030,65875,4850,0.30892600000000003,23
C,261030,66000,4740,0.306253,23
C,261030,66125,4615,0.300526,23
C,261030,66250,4515,0.299664,23
C,261030,66375,4395,0.294814,23
C,261030,66500,4275,0.289921,23
C,261030,66625,4230,0.29894200000000004,23
C,261030,66750,4120,0.295634,23
C,261030,66875,4030,0.29582,23
C,261030,67000,3930,0.294056,23
C,261030,67125,3835,0.293028,23
C,261030,67250,3730,0.290134,23
C,261030,67375,3630,0.287979,23
C,261030,67500,3535,0.28653,23
C,261030,67625,3445,0.28575700000000004,23
C,261030,67750,3345,0.28319,23
C,261030,67875,3255,0.28210599999999997,23
C,261030,68000,3165,0.28085899999999997,23
C,261030,68125,3075,0.279453,23
C,261030,68250,2975,0.27633199999999997,23
C,261030,68375,2885,0.274626,23
C,261030,68500,2805,0.27429,23
C,261030,68625,2715,0.272256,23
C,261030,68750,2630,0.27081700000000003,23
C,261030,68875,2560,0.271442,23
C,261030,69000,2490,0.271866,23
C,261030,69125,2410,0.270626,23
C,261030,69250,2335,0.269941,23
C,261030,69375,2260,0.269073,23
C,261030,69500,2185,0.268023,23
C,261030,69625,2115,0.267511,23
C,261030,69750,2045,0.266811,23
C,261030,69875,1970,0.26520900000000003,23
C,261030,70000,1905,0.264851,23
C,261030,70125,1830,0.262877,23
C,261030,70250,1760,0.261428,23
C,261030,70375,1690,0.259786,23
C,261030,70500,1620,0.257949,23
C,261030,70625,1550,0.25591200000000003,23
C,261030,70750,1485,0.254388,23
C,261030,70875,1420,0.25265899999999997,23
C,261030,71000,1360,0.251442,23
C,261030,71125,1295,0.24928999999999998,23
C,261030,71250,1240,0.24837900000000002,23
C,261030,71375,1180,0.24652000000000002,23
C,261030,71500,1125,0.245177,23
C,261030,71625,1080,0.245112,23
C,261030,71750,1035,0.244847,23
C,261030,71875,995,0.245143,23
C,261030,72000,955,0.245248,23
C,261030,72125,915,0.24515699999999999,23
C,261030,72250,875,0.24486799999999997,23
C,261030,72375,835,0.244374,23
C,261030,72500,800,0.24448499999999998,23
C,261030,72625,765,0.244404,23
C,261030,72750,730,0.244124,23
C,261030,72875,695,0.243641,23
C,261030,73000,665,0.24381599999999998,23
C,261030,73125,645,0.245573,23
C,261030,73250,615,0.24539999999999998,23
C,261030,73375,595,0.246861,23
C,261030,73500,575,0.248186,23
C,261030,73625,545,0.247475,23
C,261104,67625,3630,0.28502099999999997,28
C,261104,67750,3530,0.282434,28
C,261104,67875,3445,0.281895,28
C,261104,68000,3350,0.279794,28
C,261104,68125,3270,0.27968499999999996,28
C,261104,68250,3170,0.276638,28
C,261104,68375,3080,0.274868,28
C,261104,68500,3000,0.27434200000000003,28
C,261104,68625,2915,0.272988,28
C,261104,68750,2835,0.272171,28
C,261104,68875,2760,0.27188,28
C,261104,69000,2690,0.272103,28
C,261104,69125,2610,0.270841,28
C,261104,69250,2540,0.270754,28
C,261104,69375,2460,0.2692,28
C,261104,69500,2390,0.26881,28
C,261104,69625,2315,0.26761399999999996,28
C,261104,69750,2250,0.267569,28
C,261104,69875,2175,0.266072,28
C,261104,70000,2105,0.265071,28
C,261104,70125,2035,0.263916,28
C,261104,70250,1970,0.263254,28
C,261104,70375,1895,0.261142,28
C,261104,70500,1825,0.259517,28
C,261104,70625,1765,0.259027,28
C,261104,70750,1695,0.257078,28
C,261104,70875,1630,0.255613,28
C,261104,71000,1570,0.254632,28
C,261104,71125,1510,0.253485,28
C,261104,71250,1450,0.252168,28
C,261104,71375,1395,0.25134,28
C,261104,71500,1340,0.25034300000000004,28
C,261104,71625,1295,0.250514,28
C,261104,71750,1245,0.249853,28
C,261104,71875,1200,0.24970199999999998,28
C,261104,72000,1155,0.24939,28
C,261104,72125,1115,0.249607,28
C,261104,72250,1070,0.248969,28
C,261104,72375,1030,0.248868,28
C,261104,72500,990,0.24860600000000002,28
C,261104,72625,950,0.24818,28
C,261104,72750,915,0.24832,28
C,261104,72875,875,0.247563,28
C,261104,73000,845,0.24813600000000002,28
C,261104,73125,815,0.248568,28
C,261104,73250,780,0.248082,28
C,261104,73375,760,0.249784,28
C,261104,73500,735,0.250586,28
C,261104,73625,700,0.24964099999999997,28
C,261106,65250,5580,0.311767,30
C,261106,65375,5475,0.310276,30
C,261106,65500,5370,0.30869199999999997,30
C,261106,65625,5265,0.307016,30
C,261106,65750,5160,0.30524999999999997,30
C,261106,65875,5060,0.30422899999999997,30
C,261106,66000,4955,0.30227699999999996,30
C,261106,66125,4845,0.29942599999999997,30
C,261106,66250,4750,0.298915,30
C,261106,66375,4640,0.295905,30
C,261106,66500,4520,0.291263,30
C,261106,66625,4460,0.295859,30
C,261106,66750,4355,0.293347,30
C,261106,66875,4265,0.293005,30
C,261106,67000,4165,0.29104800000000003,30
C,261106,67125,4080,0.291191,30
C,261106,67250,3975,0.288292,30
C,261106,67375,3880,0.28674700000000003,30
C,261106,67500,3785,0.285092,30
C,261106,67625,3705,0.285433,30
C,261106,67750,3605,0.282845,30
C,261106,67875,3520,0.282227,30
C,261106,68000,3430,0.280795,30
C,261106,68125,3350,0.280596,30
C,261106,68250,3250,0.277574,30
C,261106,68375,3160,0.27578600000000003,30
C,261106,68500,3080,0.275201,30
C,261106,68625,2995,0.273824,30
C,261106,68750,2920,0.273621,30
C,261106,68875,2840,0.272628,30
C,261106,69000,2770,0.272787,30
C,261106,69125,2690,0.27152,30
C,261106,69250,2620,0.271393,30
C,261106,69375,2540,0.269854,30
C,261106,69500,2470,0.269444,30
C,261106,69625,2395,0.268263,30
C,261106,69750,2330,0.268198,30
C,261106,69875,2255,0.266735,30
C,261106,70000,2185,0.265757,30
C,261106,70125,2115,0.264637,30
C,261106,70250,2055,0.264621,30
C,261106,70375,1980,0.262587,30
C,261106,70500,1910,0.26103000000000004,30
C,261106,70625,1850,0.260575,30
C,261106,70750,1775,0.258092,30
C,261106,70875,1715,0.257335,30
C,261106,71000,1660,0.257057,30
C,261106,71125,1595,0.255365,30
C,261106,71250,1535,0.254147,30
C,261106,71375,1480,0.253408,30
C,261106,71500,1425,0.252513,30
C,261106,71625,1380,0.252751,30
C,261106,71750,1330,0.25219400000000003,30
C,261106,71875,1285,0.252137,30
C,261106,72000,1240,0.251931,30
C,261106,72125,1195,0.25157599999999997,30
C,261106,72250,1150,0.251067,30
C,261106,72375,1110,0.25108,30
C,261106,72500,1070,0.250948,30
C,261106,72625,1025,0.24997499999999997,30
C,261106,72750,985,0.24953399999999998,30
C,261106,72875,950,0.249646,30
C,261106,73000,915,0.249615,30
C,261106,73125,885,0.250166,30
C,261106,73250,850,0.24985,30
C,261106,73375,825,0.25087499999999996,30
C,261106,73500,800,0.251784,30
C,261106,73625,765,0.251045,30
C,261113,60500,10095,0.39291800000000005,37
C,261113,60625,9975,0.39008000000000004,37
C,261113,60750,9860,0.38841299999999995,37
C,261113,60875,9740,0.385525,37
C,261113,61000,9620,0.382617,37
C,261113,61125,9505,0.380841,37
C,261113,61250,9390,0.379017,37
C,261113,61375,9270,0.37603000000000003,37
C,261113,61500,9155,0.37412999999999996,37
C,261113,61625,9045,0.373274,37
C,261113,61750,8920,0.36912100000000003,37
C,261113,61875,8810,0.36816699999999997,37
C,261113,62000,8690,0.365044,37
C,261113,62125,8580,0.36397799999999997,37
C,261113,62250,8460,0.360798,37
C,261113,62375,8350,0.35962200000000005,37
C,261113,62500,8225,0.355385,37
C,261113,62625,8120,0.355105,37
C,261113,62750,8000,0.351813,37
C,261113,62875,7895,0.351387,37
C,261113,63000,7775,0.348031,37
C,261113,63125,7665,0.34653300000000004,37
C,261113,63250,7550,0.344048,37
C,261113,63375,7440,0.34243899999999994,37
C,261113,63500,7330,0.34076900000000004,37
C,261113,63625,7220,0.339039,37
C,261113,63750,7105,0.336374,37
C,261113,63875,7000,0.335406,37
C,261113,64000,6885,0.332648,37
C,261113,64125,6780,0.331545,37
C,261113,64250,6670,0.329531,37
C,261113,64375,6575,0.32992699999999997,37
C,261113,64500,6450,0.32533900000000004,37
C,261113,64625,6360,0.32637,37
C,261113,64750,6240,0.322519,37
C,261113,64875,6130,0.320218,37
C,261113,65000,6030,0.319412,37
C,261113,65125,5920,0.31698899999999997,37
C,261113,65250,5815,0.31527,37
C,261113,65375,5720,0.314975,37
C,261113,65500,5610,0.312366,37
C,261113,65625,5510,0.31116499999999997,37
C,261113,65750,5405,0.309161,37
C,261113,65875,5305,0.307804,37
C,261113,66000,5205,0.306366,37
C,261113,66125,5120,0.306935,37
C,261113,66250,5005,0.30325199999999997,37
C,261113,66375,4920,0.30362100000000003,37
C,261113,66500,4815,0.30117499999999997,37
C,261113,66625,4735,0.301999,37
C,261113,66750,4620,0.29807500000000003,37
C,261113,66875,4540,0.298691,37
C,261113,67000,4430,0.295297,37
C,261113,67125,4365,0.297624,37
C,261113,67250,4250,0.293443,37
C,261113,67375,4160,0.29236999999999996,37
C,261113,67500,4065,0.290578,37
C,261113,67625,3995,0.29179700000000003,37
C,261113,67750,3890,0.288583,37
C,261113,67875,3815,0.288961,37
C,261113,68000,3600,0.272233,37
C,261113,68125,3650,0.287557,37
C,261113,68250,3535,0.28282,37
C,261113,68375,3465,0.283366,37
C,261113,68500,3340,0.27730499999999997,37
C,261113,68625,3295,0.280578,37
C,261113,68750,3170,0.27437100000000003,37
C,261113,68875,3140,0.279131,37
C,261113,69000,3020,0.27333999999999997,37
C,261113,69125,2990,0.27782599999999996,37
C,261113,69250,2880,0.273003,37
C,261113,69375,2840,0.276081,37
C,261113,69500,2720,0.269931,37
C,261113,69625,2690,0.273899,37
C,261113,69750,2575,0.268121,37
C,261113,69875,2550,0.272406,37
C,261113,70000,2440,0.26698299999999997,37
C,261113,70125,2375,0.266522,37
C,261113,70250,2310,0.265944,37
C,261113,70375,2250,0.265812,37
C,261113,70500,2175,0.263876,37
C,261113,70625,2120,0.26407,37
C,261113,70750,2060,0.263585,37
C,261113,70875,2010,0.26411,37
C,261113,71000,1900,0.257737,37
C,261113,71125,1895,0.26311599999999996,37
C,261113,71250,1830,0.261588,37
C,261113,71375,1795,0.263355,37
C,261113,71500,1715,0.25986899999999996,37
C,261113,71625,1680,0.261411,37
C,261113,71750,1615,0.259386,37
C,261113,71875,1585,0.261289,37
C,261113,72000,1505,0.257258,37
C,261113,72125,1490,0.260702,37
C,261113,72250,1425,0.258162,37
C,261113,72375,1395,0.25964,37
C,261113,72500,1320,0.255623,37
C,261113,72625,1310,0.259296,37
C,261113,72750,1250,0.256813,37
C,261113,72875,1220,0.257866,37
C,261113,73000,1150,0.25384799999999996,37
C,261113,73125,1120,0.254666,37
C,261113,73250,1095,0.25602,37
C,261113,73375,1045,0.25408000000000003,37
C,261113,73500,1020,0.25523,37
C,261113,73625,980,0.25432099999999996,37
P,261009,59625,1,0.594372,2
P,261009,59750,1,0.594372,2
P,261009,59875,1,0.594372,2
P,261009,60000,1,0.6824089999999999,2
P,261009,60125,1,0.594372,2
P,261009,60250,1,0.594372,2
P,261009,60375,1,0.594372,2
P,261009,60500,1,0.594372,2
P,261009,60625,1,0.594372,2
P,261009,60750,1,0.594372,2
P,261009,60875,1,0.594372,2
P,261009,61000,1,0.594372,2
P,261009,61125,1,0.594372,2
P,261009,61250,1,0.594372,2
P,261009,61375,1,0.589728,2
P,261009,61500,1,0.58136,2
P,261009,61625,1,0.573001,2
P,261009,61750,1,0.564651,2
P,261009,61875,2,0.573584,2
P,261009,62000,1,0.547975,2
P,261009,62125,2,0.556966,2
P,261009,62250,2,0.548669,2
P,261009,62375,2,0.54038,2
P,261009,62500,2,0.543037,2
P,261009,62625,2,0.523826,2
P,261009,62750,2,0.515559,2
P,261009,62875,2,0.507301,2
P,261009,63000,3,0.52292,2
P,261009,63125,2,0.490803,2
P,261009,63250,2,0.495844,2
P,261009,63375,2,0.474332,2
P,261009,63500,3,0.498412,2
P,261009,63625,2,0.457884,2
P,261009,63750,3,0.48038600000000004,2
P,261009,63875,3,0.47137700000000005,2
P,261009,64000,4,0.476981,2
P,261009,64125,4,0.46774299999999996,2
P,261009,64250,4,0.45850700000000005,2
P,261009,64375,4,0.43626600000000004,2
P,261009,64500,5,0.45142400000000005,2
P,261009,64625,5,0.441994,2
P,261009,64750,7,0.45057200000000003,2
P,261009,64875,7,0.440824,2
P,261009,65000,7,0.43107100000000004,2
P,261009,65125,8,0.42859,2
P,261009,65250,9,0.42524999999999996,2
P,261009,65375,9,0.415226,2
P,261009,65500,10,0.41104799999999997,2
P,261009,65625,10,0.400893,2
P,261009,65750,10,0.390729,2
P,261009,65875,11,0.38571,2
P,261009,66000,12,0.380171,2
P,261009,66125,14,0.378368,2
P,261009,66250,15,0.37167900000000004,2
P,261009,66375,16,0.36463999999999996,2
P,261009,66500,17,0.357277,2
P,261009,66625,18,0.349611,2
P,261009,66750,17,0.335402,2
P,261009,66875,21,0.336252,2
P,261009,67000,23,0.33022100000000004,2
P,261009,67125,24,0.321217,2
P,261009,67250,26,0.314282,2
P,261009,67375,29,0.308956,2
P,261009,67500,31,0.300945,2
P,261009,67625,35,0.29611699999999996,2
P,261009,67750,39,0.290379,2
P,261009,67875,42,0.282323,2
P,261009,68000,45,0.27374,2
P,261009,68125,52,0.269885,2
P,261009,68250,56,0.261205,2
P,261009,68375,71,0.263834,2
P,261009,68500,81,0.25910299999999997,2
P,261009,68625,85,0.247699,2
P,261009,68750,110,0.253146,2
P,261009,68875,116,0.241345,2
P,261009,69000,144,0.244292,2
P,261009,69125,162,0.238124,2
P,261009,69250,190,0.23643999999999998,2
P,261009,69375,220,0.23372800000000002,2
P,261009,69500,247,0.22727699999999998,2
P,261009,69625,300,0.232346,2
P,261009,69750,345,0.23060099999999997,2
P,261009,69875,370,0.216675,2
P,261009,70000,455,0.22956900000000002,2
P,261009,70125,475,0.208312,2
P,261009,70250,520,0.19616399999999998,2
P,261009,70375,610,0.20326799999999998,2
P,261009,70500,685,0.199998,2
P,261009,70625,755,0.19043,2
P,261009,70750,830,0.178964,2
P,261009,70875,925,0.175544,2
P,261009,71000,1040,0.18387399999999998,2
P,261009,71125,1115,0.150249,2
P,261009,71250,1215,0.114954,2
P,261014,60500,13,0.451158,7
P,261014,60625,14,0.449747,7
P,261014,60750,15,0.44805500000000004,7
P,261014,60875,16,0.44611199999999995,7
P,261014,61000,17,0.443942,7
P,261014,61125,18,0.44156599999999996,7
P,261014,61250,20,0.44211300000000003,7
P,261014,61375,21,0.43924100000000005,7
P,261014,61500,23,0.43898899999999996,7
P,261014,61625,25,0.43831200000000003,7
P,261014,61750,26,0.434823,7
P,261014,61875,28,0.43357799999999996,7
P,261014,62000,29,0.42979300000000004,7
P,261014,62125,30,0.425911,7
P,261014,62250,30,0.419804,7
P,261014,62375,31,0.415808,7
P,261014,62500,31,0.40968000000000004,7
P,261014,62625,31,0.403554,7
P,261014,62750,32,0.39942500000000003,7
P,261014,62875,34,0.397111,7
P,261014,63000,36,0.39457099999999995,7
P,261014,63125,37,0.390092,7
P,261014,63250,38,0.385542,7
P,261014,63375,41,0.384167,7
P,261014,63500,43,0.380938,7
P,261014,63625,44,0.37606,7
P,261014,63750,46,0.37256900000000004,7
P,261014,63875,48,0.36892800000000003,7
P,261014,64000,47,0.36107100000000003,7
P,261014,64125,50,0.35862299999999997,7
P,261014,64250,53,0.35592799999999997,7
P,261014,64375,55,0.35179900000000003,7
P,261014,64500,56,0.346369,7
P,261014,64625,62,0.34653500000000004,7
P,261014,64750,63,0.340874,7
P,261014,64875,68,0.33931199999999995,7
P,261014,65000,68,0.33246200000000004,7
P,261014,65125,73,0.330462,7
P,261014,65250,79,0.329043,7
P,261014,65375,81,0.323774,7
P,261014,65500,83,0.318418,7
P,261014,65625,90,0.317063,7
P,261014,65750,91,0.310639,7
P,261014,65875,96,0.307227,7
P,261014,66000,104,0.305745,7
P,261014,66125,108,0.301103,7
P,261014,66250,113,0.29697,7
P,261014,66375,120,0.293917,7
P,261014,66500,121,0.286862,7
P,261014,66625,133,0.286361,7
P,261014,66750,139,0.281931,7
P,261014,66875,150,0.280011,7
P,261014,67000,160,0.277149,7
P,261014,67125,168,0.272941,7
P,261014,67250,180,0.27039,7
P,261014,67375,190,0.266525,7
P,261014,67500,206,0.264999,7
P,261014,67625,218,0.261285,7
P,261014,67750,231,0.257635,7
P,261014,67875,248,0.25519200000000003,7
P,261014,68000,265,0.252288,7
P,261014,68125,286,0.25039300000000003,7
P,261014,68250,305,0.247274,7
P,261014,68375,330,0.24572500000000003,7
P,261014,68500,350,0.241972,7
P,261014,68625,370,0.237768,7
P,261014,68750,410,0.239267,7
P,261014,68875,440,0.237,7
P,261014,69000,475,0.23560199999999998,7
P,261014,69125,505,0.232149,7
P,261014,69250,550,0.232292,7
P,261014,69375,585,0.228992,7
P,261014,69500,635,0.22909600000000002,7
P,261014,69625,680,0.227149,7
P,261014,69750,730,0.225824,7
P,261014,69875,790,0.22638100000000003,7
P,261014,70000,850,0.226197,7
P,261014,70125,910,0.22527999999999998,7
P,261014,70250,965,0.222329,7
P,261014,70375,1040,0.22381900000000002,7
P,261014,70500,1060,0.21009599999999998,7
P,261014,70625,1135,0.209951,7
P,261014,70750,1200,0.20627800000000002,7
P,261014,70875,1300,0.21141200000000002,7
P,261014,71000,1375,0.208857,7
P,261014,71125,1455,0.20682999999999999,7
P,261014,71250,1540,0.205388,7
P,261014,71375,1630,0.20461500000000002,7
P,261014,71500,1720,0.202959,7
P,261014,71625,1815,0.20207,7
P,261014,71750,1905,0.19839400000000001,7
P,261014,71875,2010,0.199356,7
P,261014,72000,2105,0.19537400000000002,7
P,261014,72125,2210,0.19450199999999998,7
P,261014,72250,2315,0.192622,7
P,261014,72375,2415,0.18672699999999998,7
P,261014,72500,2520,0.181649,7
P,261014,72625,2625,0.174131,7
P,261014,72750,2740,0.17209,7
P,261014,72875,2850,0.16277899999999998,7
P,261014,73000,2960,0.145617,7
P,261016,60500,12,0.394073,9
P,261016,60625,13,0.39307200000000003,9
P,261016,60750,13,0.38812199999999997,9
P,261016,60875,14,0.386812,9
P,261016,61000,15,0.385258,9
P,261016,61125,16,0.383485,9
P,261016,61250,17,0.381515,9
P,261016,61375,19,0.38218,9
P,261016,61500,20,0.379739,9
P,261016,61625,21,0.37715699999999996,9
P,261016,61750,22,0.374444,9
P,261016,61875,24,0.37390900000000005,9
P,261016,62000,23,0.366381,9
P,261016,62125,26,0.367731,9
P,261016,62250,26,0.36243499999999995,9
P,261016,62375,27,0.35917499999999997,9
P,261016,62500,28,0.355824,9
P,261016,62625,29,0.352385,9
P,261016,62750,29,0.34702599999999995,9
P,261016,62875,30,0.343482,9
P,261016,63000,30,0.338103,9
P,261016,63125,32,0.336157,9
P,261016,63250,34,0.33399700000000004,9
P,261016,63375,36,0.33164099999999996,9
P,261016,63500,38,0.329104,9
P,261016,63625,40,0.326399,9
P,261016,63750,41,0.322189,9
P,261016,63875,42,0.31792200000000004,9
P,261016,64000,43,0.313599,9
P,261016,64125,47,0.312904,9
P,261016,64250,50,0.310696,9
P,261016,64375,53,0.308272,9
P,261016,64500,53,0.30246300000000004,9
P,261016,64625,59,0.302836,9
P,261016,64750,62,0.29985,9
P,261016,64875,66,0.297616,9
P,261016,65000,66,0.291602,9
P,261016,65125,74,0.29246700000000003,9
P,261016,65250,80,0.291172,9
P,261016,65375,84,0.288033,9
P,261016,65500,81,0.279498,9
P,261016,65625,96,0.284017,9
P,261016,65750,97,0.278267,9
P,261016,65875,103,0.275742,9
P,261016,66000,114,0.27602699999999997,9
P,261016,66125,116,0.270559,9
P,261016,66250,124,0.268445,9
P,261016,66375,132,0.266033,9
P,261016,66500,135,0.260735,9
P,261016,66625,150,0.26137499999999997,9
P,261016,66750,158,0.258132,9
P,261016,66875,172,0.25738099999999997,9
P,261016,67000,189,0.25746800000000003,9
P,261016,67125,197,0.253325,9
P,261016,67250,212,0.251774,9
P,261016,67375,226,0.249446,9
P,261016,67500,254,0.251873,9
P,261016,67625,263,0.246949,9
P,261016,67750,278,0.243868,9
P,261016,67875,305,0.24439,9
P,261016,68000,310,0.23739100000000002,9
P,261016,68125,355,0.24252400000000002,9
P,261016,68250,380,0.240879,9
P,261016,68375,410,0.24021,9
P,261016,68500,440,0.239035,9
P,261016,68625,460,0.234689,9
P,261016,68750,505,0.236561,9
P,261016,68875,545,0.236509,9
P,261016,69000,585,0.23590699999999998,9
P,261016,69125,610,0.23109400000000002,9
P,261016,69250,665,0.233129,9
P,261016,69375,700,0.22979,9
P,261016,69500,760,0.23183900000000002,9
P,261016,69625,805,0.2298,9
P,261016,69750,855,0.228386,9
P,261016,69875,920,0.229856,9
P,261016,70000,975,0.228469,9
P,261016,70125,1040,0.22880299999999998,9
P,261016,70250,1100,0.227431,9
P,261016,70375,1160,0.22548400000000002,9
P,261016,70500,1160,0.209067,9
P,261016,70625,1230,0.208092,9
P,261016,70750,1300,0.20647200000000002,9
P,261016,70875,1400,0.211421,9
P,261016,71000,1465,0.20733000000000001,9
P,261016,71125,1540,0.204954,9
P,261016,71250,1625,0.204421,9
P,261016,71375,1715,0.20456700000000003,9
P,261016,71500,1800,0.20271,9
P,261016,71625,1890,0.201519,9
P,261016,71750,1975,0.19808,9
P,261016,71875,2080,0.19999099999999997,9
P,261016,72000,2170,0.196473,9
P,261016,72125,2270,0.195421,9
P,261016,72250,2375,0.195451,9
P,261016,72375,2475,0.192837,9
P,261016,72500,2575,0.189152,9
P,261016,72625,2680,0.186526,9
P,261016,72750,2790,0.185334,9
P,261016,72875,2905,0.186044,9
P,261016,73000,3000,0.173211,9
P,261016,73125,3105,0.162713,9
P,261016,73250,3220,0.157683,9
P,261016,73375,3335,0.149322,9
P,261021,60500,35,0.366303,14
P,261021,60625,38,0.366495,14
P,261021,60750,40,0.36495199999999994,14
P,261021,60875,43,0.36463999999999996,14
P,261021,61000,46,0.364074,14
P,261021,61125,49,0.36328099999999997,14
P,261021,61250,52,0.36228,14
P,261021,61375,56,0.362211,14
P,261021,61500,57,0.35863599999999995,14
P,261021,61625,58,0.35503,14
P,261021,61750,59,0.351393,14
P,261021,61875,60,0.347727,14
P,261021,62000,61,0.34403,14
P,261021,62125,62,0.340305,14
P,261021,62250,63,0.33655,14
P,261021,62375,65,0.333714,14
P,261021,62500,66,0.329884,14
P,261021,62625,66,0.325116,14
P,261021,62750,70,0.323907,14
P,261021,62875,74,0.32250799999999996,14
P,261021,63000,77,0.320124,14
P,261021,63125,82,0.319192,14
P,261021,63250,88,0.318783,14
P,261021,63375,93,0.317404,14
P,261021,63500,99,0.316519,14
P,261021,63625,105,0.31541,14
P,261021,63750,111,0.314093,14
P,261021,63875,118,0.313181,14
P,261021,64000,121,0.309732,14
P,261021,64125,128,0.308474,14
P,261021,64250,133,0.305931,14
P,261021,64375,139,0.303795,14
P,261021,64500,142,0.299978,14
P,261021,64625,149,0.2981,14
P,261021,64750,150,0.293148,14
P,261021,64875,151,0.288174,14
P,261021,65000,161,0.287387,14
P,261021,65125,171,0.286345,14
P,261021,65250,181,0.285065,14
P,261021,65375,190,0.28314900000000004,14
P,261021,65500,199,0.281052,14
P,261021,65625,212,0.28032599999999996,14
P,261021,65750,221,0.277843,14
P,261021,65875,233,0.276288,14
P,261021,66000,240,0.272762,14
P,261021,66125,240,0.266706,14
P,261021,66250,258,0.26672,14
P,261021,66375,260,0.26119800000000004,14
P,261021,66500,261,0.255309,14
P,261021,66625,315,0.265738,14
P,261021,66750,330,0.26364,14
P,261021,66875,355,0.26415299999999997,14
P,261021,67000,375,0.26293700000000003,14
P,261021,67125,390,0.260131,14
P,261021,67250,410,0.25843499999999997,14
P,261021,67375,430,0.256494,14
P,261021,67500,460,0.256774,14
P,261021,67625,480,0.25430800000000003,14
P,261021,67750,505,0.252791,14
P,261021,67875,530,0.251005,14
P,261021,68000,560,0.250075,14
P,261021,68125,590,0.248843,14
P,261021,68250,615,0.24624500000000002,14
P,261021,68375,645,0.244454,14
P,261021,68500,680,0.243416,14
P,261021,68625,715,0.24206499999999997,14
P,261021,68750,755,0.24140899999999998,14
P,261021,68875,805,0.24239,14
P,261021,69000,855,0.242994,14
P,261021,69125,895,0.24131699999999998,14
P,261021,69250,945,0.241226,14
P,261021,69375,990,0.239848,14
P,261021,69500,1040,0.23907699999999998,14
P,261021,69625,1090,0.237967,14
P,261021,69750,1145,0.237439,14
P,261021,69875,1205,0.237481,14
P,261021,70000,1260,0.23625800000000002,14
P,261021,70125,1315,0.23468699999999998,14
P,261021,70250,1370,0.232765,14
P,261021,70375,1425,0.23048100000000002,14
P,261021,70500,1460,0.224145,14
P,261021,70625,1520,0.222006,14
P,261021,70750,1585,0.22039999999999998,14
P,261021,70875,1655,0.21933599999999998,14
P,261021,71000,1720,0.216922,14
P,261021,71125,1790,0.21503599999999998,14
P,261021,71250,1865,0.213696,14
P,261021,71375,1940,0.211929,14
P,261021,71500,2015,0.209709,14
P,261021,71625,2100,0.209094,14
P,261021,71750,2185,0.208062,14
P,261021,71875,2280,0.208783,14
P,261021,72000,2370,0.20802700000000002,14
P,261021,72125,2460,0.20683800000000002,14
P,261021,72250,2555,0.206383,14
P,261021,72375,2650,0.205506,14
P,261021,72500,2745,0.20417200000000002,14
P,261021,72625,2845,0.203685,14
P,261021,72750,2945,0.202762,14
P,261021,72875,3045,0.20135999999999998,14
P,261021,73000,3145,0.19942000000000001,14
P,261021,73125,3250,0.198511,14
P,261021,73250,3360,0.198825,14
P,261021,73375,3470,0.19877,14
P,261021,73500,3575,0.196385,14
P,261021,73625,3685,0.19533899999999998,14
P,261023,61125,63,0.35518,16
P,261023,61250,68,0.355541,16
P,261023,61375,68,0.35105600000000003,16
P,261023,61500,69,0.34749,16
P,261023,61625,70,0.3439,16
P,261023,61750,71,0.340287,16
P,261023,61875,73,0.337513,16
P,261023,62000,74,0.333838,16
P,261023,62125,75,0.330141,16
P,261023,62250,75,0.325603,16
P,261023,62375,76,0.321875,16
P,261023,62500,77,0.318124,16
P,261023,62625,78,0.314351,16
P,261023,62750,84,0.314316,16
P,261023,62875,90,0.31401,16
P,261023,63000,96,0.31346,16
P,261023,63125,102,0.312685,16
P,261023,63250,109,0.312321,16
P,261023,63375,117,0.312305,16
P,261023,63500,125,0.312019,16
P,261023,63625,133,0.311487,16
P,261023,63750,142,0.311244,16
P,261023,63875,151,0.31074999999999997,16
P,261023,64000,156,0.308114,16
P,261023,64125,163,0.306317,16
P,261023,64250,169,0.30392399999999997,16
P,261023,64375,175,0.301419,16
P,261023,64500,180,0.298377,16
P,261023,64625,181,0.293561,16
P,261023,64750,182,0.28872699999999996,16
P,261023,64875,183,0.283873,16
P,261023,65000,199,0.284997,16
P,261023,65125,210,0.283855,16
P,261023,65250,221,0.282509,16
P,261023,65375,233,0.281327,16
P,261023,65500,245,0.279941,16
P,261023,65625,258,0.27869499999999997,16
P,261023,65750,272,0.277568,16
P,261023,65875,285,0.275916,16
P,261023,66000,286,0.270402,16
P,261023,66125,287,0.26486,16
P,261023,66250,305,0.26434599999999997,16
P,261023,66375,310,0.259836,16
P,261023,66500,310,0.25383500000000003,16
P,261023,66625,380,0.266877,16
P,261023,66750,400,0.26576,16
P,261023,66875,425,0.265661,16
P,261023,67000,450,0.265276,16
P,261023,67125,465,0.26225000000000004,16
P,261023,67250,490,0.26139399999999996,16
P,261023,67375,510,0.259154,16
P,261023,67500,535,0.25783,16
P,261023,67625,560,0.25627,16
P,261023,67750,590,0.255542,16
P,261023,67875,615,0.253509,16
P,261023,68000,645,0.252278,16
P,261023,68125,675,0.250796,16
P,261023,68250,700,0.248083,16
P,261023,68375,730,0.246129,16
P,261023,68500,770,0.24584499999999998,16
P,261023,68625,805,0.24432600000000002,16
P,261023,68750,840,0.24254699999999998,16
P,261023,68875,895,0.244167,16
P,261023,69000,945,0.244538,16
P,261023,69125,995,0.244598,16
P,261023,69250,1040,0.24347000000000002,16
P,261023,69375,1090,0.24293700000000001,16
P,261023,69500,1140,0.24211,16
P,261023,69625,1190,0.24099,16
P,261023,69750,1245,0.24044000000000001,16
P,261023,69875,1300,0.23959,16
P,261023,70000,1355,0.23844200000000002,16
P,261023,70125,1405,0.23613800000000001,16
P,261023,70250,1455,0.23352900000000001,16
P,261023,70375,1510,0.231462,16
P,261023,70500,1565,0.229074,16
P,261023,70625,1620,0.226352,16
P,261023,70750,1680,0.224151,16
P,261023,70875,1740,0.2216,16
P,261023,71000,1805,0.21956499999999998,16
P,261023,71125,1870,0.21716100000000002,16
P,261023,71250,1940,0.215275,16
P,261023,71375,2010,0.213005,16
P,261023,71500,2080,0.21032499999999998,16
P,261023,71625,2165,0.21008,16
P,261023,71750,2250,0.20948699999999998,16
P,261023,71875,2340,0.209529,16
P,261023,72000,2425,0.208215,16
P,261023,72125,2515,0.207544,16
P,261023,72250,2610,0.207576,16
P,261023,72375,2700,0.20616,16
P,261023,72500,2795,0.20546299999999998,16
P,261023,72625,2890,0.204378,16
P,261023,72750,2985,0.202871,16
P,261023,72875,3085,0.202189,16
P,261023,73000,3185,0.201106,16
P,261023,73125,3290,0.200982,16
P,261023,73250,3400,0.201954,16
P,261023,73375,3510,0.202662,16
P,261023,73500,3620,0.20309000000000002,16
P,261023,73625,3720,0.199911,16
P,261028,62500,147,0.318118,21
P,261028,62625,148,0.314232,21
P,261028,62750,154,0.312695,21
P,261028,62875,163,0.312408,21
P,261028,63000,171,0.311494,21
P,261028,63125,180,0.310854,21
P,261028,63250,190,0.310454,21
P,261028,63375,200,0.30987,21
P,261028,63500,210,0.30911500000000003,21
P,261028,63625,221,0.308568,21
P,261028,63750,232,0.307847,21
P,261028,63875,244,0.30730799999999997,21
P,261028,64000,251,0.304908,21
P,261028,64125,261,0.30341799999999997,21
P,261028,64250,270,0.301483,21
P,261028,64375,280,0.299756,21
P,261028,64500,287,0.296993,21
P,261028,64625,294,0.29415800000000003,21
P,261028,64750,295,0.28947,21
P,261028,64875,296,0.284765,21
P,261028,65000,320,0.286646,21
P,261028,65125,330,0.284335,21
P,261028,65250,345,0.28327600000000003,21
P,261028,65375,360,0.282057,21
P,261028,65500,375,0.280684,21
P,261028,65625,395,0.280411,21
P,261028,65750,410,0.278719,21
P,261028,65875,425,0.276891,21
P,261028,66000,430,0.27259,21
P,261028,66125,435,0.26824000000000003,21
P,261028,66250,460,0.268378,21
P,261028,66375,465,0.263866,21
P,261028,66500,465,0.258206,21
P,261028,66625,545,0.269536,21
P,261028,66750,560,0.266725,21
P,261028,66875,595,0.267812,21
P,261028,67000,615,0.26569400000000004,21
P,261028,67125,645,0.265358,21
P,261028,67250,665,0.262926,21
P,261028,67375,690,0.26128599999999996,21
P,261028,67500,720,0.260393,21
P,261028,67625,750,0.259307,21
P,261028,67750,780,0.258033,21
P,261028,67875,810,0.256575,21
P,261028,68000,845,0.255792,21
P,261028,68125,875,0.253962,21
P,261028,68250,900,0.251122,21
P,261028,68375,935,0.249775,21
P,261028,68500,980,0.249859,21
P,261028,68625,1015,0.24810500000000002,21
P,261028,68750,1055,0.24695599999999998,21
P,261028,68875,1105,0.247175,21
P,261028,69000,1160,0.24793800000000002,21
P,261028,69125,1210,0.247688,21
P,261028,69250,1260,0.247214,21
P,261028,69375,1305,0.245757,21
P,261028,69500,1360,0.24560500000000002,21
P,261028,69625,1410,0.244472,21
P,261028,69750,1465,0.243872,21
P,261028,69875,1520,0.24304800000000001,21
P,261028,70000,1575,0.241999,21
P,261028,70125,1625,0.23997900000000003,21
P,261028,70250,1680,0.238478,21
P,261028,70375,1735,0.23674499999999998,21
P,261028,70500,1790,0.23477499999999998,21
P,261028,70625,1845,0.232562,21
P,261028,70750,1900,0.23009899999999997,21
P,261028,70875,1960,0.22813199999999997,21
P,261028,71000,2025,0.22666699999999998,21
P,261028,71125,2090,0.224942,21
P,261028,71250,2155,0.22294699999999998,21
P,261028,71375,2225,0.22145499999999999,21
P,261028,71500,2295,0.219687,21
P,261028,71625,2375,0.219238,21
P,261028,71750,2460,0.219347,21
P,261028,71875,2545,0.21921500000000002,21
P,261028,72000,2630,0.218836,21
P,261028,72125,2715,0.2182,21
P,261028,72250,2800,0.21729800000000002,21
P,261028,72375,2890,0.217005,21
P,261028,72500,2980,0.21645499999999998,21
P,261028,72625,3070,0.215638,21
P,261028,72750,3165,0.215488,21
P,261028,72875,3255,0.214112,21
P,261028,73000,3350,0.21342,21
P,261028,73125,3455,0.214501,21
P,261028,73250,3555,0.214343,21
P,261028,73375,3660,0.21501599999999998,21
P,261028,73500,3765,0.215486,21
P,261028,73625,3865,0.214597,21
P,261030,62500,177,0.317496,23
P,261030,62625,178,0.313618,23
P,261030,62750,184,0.311795,23
P,261030,62875,194,0.311479,23
P,261030,63000,203,0.310605,23
P,261030,63125,213,0.309966,23
P,261030,63250,223,0.30917300000000003,23
P,261030,63375,234,0.30858599999999997,23
P,261030,63500,245,0.307842,23
P,261030,63625,257,0.307279,23
P,261030,63750,269,0.30655699999999997,23
P,261030,63875,282,0.305996,23
P,261030,64000,290,0.30375800000000003,23
P,261030,64125,300,0.302036,23
P,261030,64250,310,0.300211,23
P,261030,64375,325,0.29970199999999997,23
P,261030,64500,330,0.296262,23
P,261030,64625,335,0.292779,23
P,261030,64750,340,0.289253,23
P,261030,64875,345,0.285684,23
P,261030,65000,365,0.285964,23
P,261030,65125,380,0.28477399999999997,23
P,261030,65250,395,0.283446,23
P,261030,65375,410,0.281983,23
P,261030,65500,425,0.280391,23
P,261030,65625,445,0.279821,23
P,261030,65750,460,0.277958,23
P,261030,65875,480,0.277075,23
P,261030,66000,495,0.274959,23
P,261030,66125,495,0.269549,23
P,261030,66250,520,0.269353,23
P,261030,66375,525,0.264876,23
P,261030,66500,530,0.260353,23
P,261030,66625,605,0.26956800000000003,23
P,261030,66750,625,0.267647,23
P,261030,66875,655,0.267465,23
P,261030,67000,680,0.266171,23
P,261030,67125,710,0.265621,23
P,261030,67250,730,0.26311599999999996,23
P,261030,67375,755,0.261362,23
P,261030,67500,785,0.26032,23
P,261030,67625,820,0.259951,23
P,261030,67750,850,0.258556,23
P,261030,67875,880,0.256997,23
P,261030,68000,915,0.256086,23
P,261030,68125,950,0.254993,23
P,261030,68250,975,0.25214200000000003,23
P,261030,68375,1010,0.250714,23
P,261030,68500,1055,0.250654,23
P,261030,68625,1090,0.24886,23
P,261030,68750,1135,0.248405,23
P,261030,68875,1185,0.24850000000000003,23
P,261030,69000,1240,0.24912600000000001,23
P,261030,69125,1285,0.248062,23
P,261030,69250,1335,0.24753699999999998,23
P,261030,69375,1385,0.246811,23
P,261030,69500,1440,0.24660900000000002,23
P,261030,69625,1490,0.245481,23
P,261030,69750,1545,0.244873,23
P,261030,69875,1595,0.24334499999999998,23
P,261030,70000,1655,0.243044,23
P,261030,70125,1705,0.24111000000000002,23
P,261030,70250,1760,0.23968399999999998,23
P,261030,70375,1815,0.238047,23
P,261030,70500,1870,0.236195,23
P,261030,70625,1925,0.23412400000000003,23
P,261030,70750,1985,0.232546,23
P,261030,70875,2045,0.230742,23
P,261030,71000,2105,0.228704,23
P,261030,71125,2170,0.227156,23
P,261030,71250,2235,0.22536699999999998,23
P,261030,71375,2305,0.224074,23
P,261030,71500,2375,0.22253699999999998,23
P,261030,71625,2455,0.22226700000000002,23
P,261030,71750,2535,0.221771,23
P,261030,71875,2620,0.22182300000000002,23
P,261030,72000,2705,0.22165600000000002,23
P,261030,72125,2785,0.220462,23
P,261030,72250,2875,0.220643,23
P,261030,72375,2960,0.219781,23
P,261030,72500,3050,0.219514,23
P,261030,72625,3135,0.218155,23
P,261030,72750,3230,0.21828199999999998,23
P,261030,72875,3320,0.21729500000000002,23
P,261030,73000,3415,0.216965,23
P,261030,73125,3515,0.217344,23
P,261030,73250,3615,0.21752300000000002,23
P,261030,73375,3720,0.21847999999999998,23
P,261030,73500,3820,0.218257,23
P,261030,73625,3920,0.217806,23
P,261104,67625,995,0.262618,28
P,261104,67750,1020,0.26028199999999996,28
P,261104,67875,1060,0.260017,28
P,261104,68000,1095,0.258871,28
P,261104,68125,1135,0.258295,28
P,261104,68250,1165,0.256155,28
P,261104,68375,1200,0.254586,28
P,261104,68500,1245,0.254259,28
P,261104,68625,1280,0.25240100000000004,28
P,261104,68750,1330,0.25244099999999997,28
P,261104,68875,1375,0.251638,28
P,261104,69000,1430,0.252015,28
P,261104,69125,1475,0.250889,28
P,261104,69250,1530,0.25093,28
P,261104,69375,1575,0.249487,28
P,261104,69500,1630,0.24919799999999998,28
P,261104,69625,1680,0.248091,28
P,261104,69750,1740,0.248122,28
P,261104,69875,1790,0.24668800000000002,28
P,261104,70000,1845,0.24573899999999999,28
P,261104,70125,1900,0.24462399999999998,28
P,261104,70250,1960,0.243988,28
P,261104,70375,2010,0.241891,28
P,261104,70500,2065,0.240267,28
P,261104,70625,2130,0.239765,28
P,261104,70750,2185,0.23779,28
P,261104,70875,2245,0.236283,28
P,261104,71000,2310,0.23524799999999998,28
P,261104,71125,2375,0.234031,28
P,261104,71250,2440,0.23262799999999997,28
P,261104,71375,2510,0.23170100000000002,28
P,261104,71500,2580,0.23058700000000001,28
P,261104,71625,2655,0.229957,28
P,261104,71750,2735,0.229826,28
P,261104,71875,2815,0.229518,28
P,261104,72000,2895,0.22902999999999998,28
P,261104,72125,2975,0.22835899999999998,28
P,261104,72250,3060,0.22821100000000002,28
P,261104,72375,3145,0.22788599999999998,28
P,261104,72500,3230,0.22738,28
P,261104,72625,3315,0.22668600000000003,28
P,261104,72750,3400,0.225798,28
P,261104,72875,3490,0.22547599999999998,28
P,261104,73000,3580,0.22497,28
P,261104,73125,3675,0.22506900000000002,28
P,261104,73250,3770,0.224999,28
P,261104,73375,3870,0.225579,28
P,261104,73500,3970,0.22601,28
P,261104,73625,4065,0.225432,28
P,261106,65250,565,0.283199,30
P,261106,65375,585,0.282211,30
P,261106,65500,605,0.281108,30
P,261106,65625,625,0.27989200000000003,30
P,261106,65750,645,0.278567,30
P,261106,65875,670,0.278011,30
P,261106,66000,690,0.27646,30
P,261106,66125,705,0.273959,30
P,261106,66250,735,0.27388999999999997,30
P,261106,66375,750,0.271204,30
P,261106,66500,755,0.266816,30
P,261106,66625,820,0.271995,30
P,261106,66750,835,0.269007,30
P,261106,66875,875,0.269813,30
P,261106,67000,895,0.267397,30
P,261106,67125,940,0.268646,30
P,261106,67250,955,0.265264,30
P,261106,67375,985,0.264008,30
P,261106,67500,1020,0.26335000000000003,30
P,261106,67625,1060,0.263267,30
P,261106,67750,1085,0.260913,30
P,261106,67875,1125,0.26055,30
P,261106,68000,1160,0.259349,30
P,261106,68125,1205,0.259382,30
P,261106,68250,1230,0.256552,30
P,261106,68375,1270,0.25562999999999997,30
P,261106,68500,1315,0.255232,30
P,261106,68625,1350,0.253365,30
P,261106,68750,1400,0.25333300000000003,30
P,261106,68875,1445,0.252494,30
P,261106,69000,1500,0.2528,30
P,261106,69125,1545,0.251662,30
P,261106,69250,1600,0.251656,30
P,261106,69375,1650,0.250859,30
P,261106,69500,1700,0.249911,30
P,261106,69625,1750,0.24881499999999998,30
P,261106,69750,1810,0.24882400000000002,30
P,261106,69875,1860,0.247424,30
P,261106,70000,1915,0.246498,30
P,261106,70125,1970,0.245417,30
P,261106,70250,2035,0.24542999999999998,30
P,261106,70375,2085,0.243413,30
P,261106,70500,2140,0.241861,30
P,261106,70625,2200,0.24077300000000001,30
P,261106,70750,2255,0.23889500000000002,30
P,261106,70875,2320,0.238105,30
P,261106,71000,2385,0.237151,30
P,261106,71125,2450,0.23603000000000002,30
P,261106,71250,2515,0.234738,30
P,261106,71375,2585,0.233913,30
P,261106,71500,2655,0.23291699999999999,30
P,261106,71625,2730,0.232396,30
P,261106,71750,2805,0.231707,30
P,261106,71875,2885,0.23150600000000002,30
P,261106,72000,2965,0.23114200000000001,30
P,261106,72125,3045,0.23061,30
P,261106,72250,3130,0.23058900000000002,30
P,261106,72375,3210,0.22971699999999998,30
P,261106,72500,3295,0.22936299999999998,30
P,261106,72625,3380,0.22884000000000002,30
P,261106,72750,3465,0.22814299999999998,30
P,261106,72875,3550,0.22726600000000002,30
P,261106,73000,3645,0.227684,30
P,261106,73125,3740,0.227956,30
P,261106,73250,3825,0.22654699999999997,30
P,261106,73375,3925,0.227268,30
P,261106,73500,4025,0.227855,30
P,261106,73625,4115,0.226692,30
P,261113,60500,259,0.333931,37
P,261113,60625,260,0.330644,37
P,261113,60750,267,0.329219,37
P,261113,60875,273,0.327433,37
P,261113,61000,291,0.32915,37
P,261113,61125,290,0.325188,37
P,261113,61250,305,0.325806,37
P,261113,61375,305,0.32210500000000003,37
P,261113,61500,320,0.322535,37
P,261113,61625,325,0.32015099999999996,37
P,261113,61750,335,0.319057,37
P,261113,61875,340,0.316596,37
P,261113,62000,360,0.31791,37
P,261113,62125,360,0.314096,37
P,261113,62250,375,0.313964,37
P,261113,62375,380,0.311324,37
P,261113,62500,395,0.311017,37
P,261113,62625,400,0.308294,37
P,261113,62750,420,0.308953,37
P,261113,62875,425,0.306136,37
P,261113,63000,445,0.306574,37
P,261113,63125,445,0.30259199999999997,37
P,261113,63250,465,0.302849,37
P,261113,63375,470,0.299869,37
P,261113,63500,500,0.301955,37
P,261113,63625,500,0.297868,37
P,261113,63750,525,0.298701,37
P,261113,63875,530,0.295533,37
P,261113,64000,555,0.296139,37
P,261113,64125,555,0.291947,37
P,261113,64250,585,0.29327400000000003,37
P,261113,64375,600,0.291732,37
P,261113,64500,620,0.291003,37
P,261113,64625,640,0.290176,37
P,261113,64750,660,0.289254,37
P,261113,64875,660,0.284869,37
P,261113,65000,705,0.28796,37
P,261113,65125,700,0.282677,37
P,261113,65250,735,0.283863,37
P,261113,65375,745,0.280928,37
P,261113,65500,785,0.282635,37
P,261113,65625,790,0.278795,37
P,261113,65750,825,0.279483,37
P,261113,65875,835,0.276295,37
P,261113,66000,880,0.278223,37
P,261113,66125,895,0.275623,37
P,261113,66250,940,0.277256,37
P,261113,66375,950,0.273787,37
P,261113,66500,1000,0.275849,37
P,261113,66625,1010,0.272241,37
P,261113,66750,1045,0.27199,37
P,261113,66875,1070,0.270277,37
P,261113,67000,1115,0.271132,37
P,261113,67125,1140,0.269222,37
P,261113,67250,1180,0.269173,37
P,261113,67375,1185,0.264507,37
P,261113,67500,1250,0.267438,37
P,261113,67625,1270,0.264524,37
P,261113,67750,1320,0.265277,37
P,261113,67875,1335,0.26157,37
P,261113,68000,1400,0.263922,37
P,261113,68125,1425,0.261256,37
P,261113,68250,1480,0.262118,37
P,261113,68375,1485,0.25686699999999996,37
P,261113,68500,1555,0.25927900000000004,37
P,261113,68625,1590,0.257407,37
P,261113,68750,1650,0.258359,37
P,261113,68875,1685,0.256266,37
P,261113,69000,1760,0.258699,37
P,261113,69125,1785,0.25522500000000004,37
P,261113,69250,1850,0.256243,37
P,261113,69375,1880,0.253133,37
P,261113,69500,1955,0.255038,37
P,261113,69625,2020,0.255672,37
P,261113,69750,2060,0.253351,37
P,261113,69875,2105,0.25148,37
P,261113,70000,2200,0.255124,37
P,261113,70125,2220,0.25019600000000003,37
P,261113,70250,2295,0.251336,37
P,261113,70375,2340,0.248978,37
P,261113,70500,2415,0.24986899999999998,37
P,261113,70625,2475,0.248948,37
P,261113,70750,2540,0.248464,37
P,261113,70875,2600,0.24728999999999998,37
P,261113,71000,2690,0.249381,37
P,261113,71125,2735,0.246254,37
P,261113,71250,2815,0.246968,37
P,261113,71375,2880,0.24585,37
P,261113,71500,2945,0.244598,37
P,261113,71625,2960,0.23742999999999997,37
P,261113,71750,3105,0.245166,37
P,261113,71875,3150,0.24118099999999998,37
P,261113,72000,3240,0.242314,37
P,261113,72125,3300,0.239783,37
P,261113,72250,3375,0.23888,37
P,261113,72375,3450,0.237838,37
P,261113,72500,3530,0.237261,37
P,261113,72625,3605,0.235933,37
P,261113,72750,3730,0.24066099999999999,37
P,261113,72875,3750,0.232181,37
P,261113,73000,3895,0.239274,37
P,261113,73125,3915,0.23032,37
P,261113,73250,4035,0.234072,37
P,261113,73375,4085,0.228511,37
P,261113,73500,4220,0.234109,37
P,261113,73625,4265,0.22745200000000002,37
