product,participant,net,net_prev,change
TOPIX先物,みずほ証券,1241,2833,-1592
TOPIX先物,インタラクティブ証券,-82,76,-158
TOPIX先物,ゴールドマン証券,-27642,-26601,-1041
TOPIX先物,サスケハナ・ホンコン,-31,-78,47
TOPIX先物,シティグループ証券,23661,21478,2183
TOPIX先物,ソシエテＧ証券,11631,11608,23
TOPIX先物,ドイツ証券,3093,2038,1055
TOPIX先物,バークレイズ証券,2332,-797,3129
TOPIX先物,ビーオブエー証券,17989,18976,-987
TOPIX先物,フィリップ証券,25,29,-4
TOPIX先物,モルガンＭＵＦＧ証券,17296,14868,2428
TOPIX先物,三菱ＵＦＪ証券,-7169,-6229,-940
TOPIX先物,三菱ＵＦＪｅスマート,166,153,13
TOPIX先物,大和証券,-2356,-3156,800
TOPIX先物,岡三証券,-162,-172,10
TOPIX先物,広田証券,0,34,-34
TOPIX先物,日産証券,846,886,-40
TOPIX先物,東海東京証券,-24,-16,-8
TOPIX先物,松井証券,109,243,-134
TOPIX先物,立花証券,-1240,-1240,0
TOPIX先物,豊証券,0,-14,14
TOPIX先物,野村証券,-15128,-14633,-495
TOPIX先物,ＡＢＮクリアリン証券,-1755,-1811,56
TOPIX先物,ＢＮＰパリバ証券,-20618,-19833,-785
TOPIX先物,ＨＳＢＣ証券,-18821,-19005,184
TOPIX先物,ＪＰモルガン証券,25678,29375,-3697
TOPIX先物,ＳＢＩ証券,-7330,-8165,835
TOPIX先物,ＳＭＢＣ日興証券,-1149,2493,-3642
TOPIX先物,ＵＢＳ証券,-507,-3321,2814
日経225mini,みずほ証券,2994,4000,-1006
日経225mini,インタラクティブ証券,2083,0,2083
日経225mini,ゴールドマン証券,-3945,13500,-17445
日経225mini,サスケハナ・ホンコン,3176,0,3176
日経225mini,シティグループ証券,6060,6000,60
日経225mini,ソシエテＧ証券,-35573,1165,-36738
日経225mini,ドイツ証券,-92,-4,-88
日経225mini,バークレイズ証券,-65824,611,-66435
日経225mini,ビーオブエー証券,19787,-15497,35284
日経225mini,フィリップ証券,2007,-9,2016
日経225mini,マネックス証券,0,29,-29
日経225mini,モルガンＭＵＦＧ証券,14278,15653,-1375
日経225mini,三菱ＵＦＪ証券,3729,-1500,5229
日経225mini,三菱ＵＦＪｅスマート,0,119,-119
日経225mini,光世証券,-253,0,-253
日経225mini,共和証券,0,-3,3
日経225mini,大和証券,-3315,20,-3335
日経225mini,安藤証券,-103,0,-103
日経225mini,山和証券,-33,0,-33
日経225mini,岡三証券,-47,0,-47
日経225mini,日産証券,15544,91,15453
日経225mini,東海東京証券,-1484,0,-1484
日経225mini,松井証券,575,338,237
日経225mini,楽天証券,0,74,-74
日経225mini,立花証券,0,-1,1
日経225mini,豊証券,-46,0,-46
日経225mini,野村証券,-19221,3500,-22721
日経225mini,ＡＢＮクリアリン証券,34314,-24420,58734
日経225mini,ＢＮＰパリバ証券,10884,-200,11084
日経225mini,ＨＳＢＣ証券,6018,0,6018
日経225mini,Ｊトラストグローバル,-3,0,-3
日経225mini,ＪＰモルガン証券,-3957,-8022,4065
日経225mini,ＳＢＩ証券,-451,529,-980
日経225mini,ＳＭＢＣ日興証券,6886,0,6886
日経225mini,ＵＢＳ証券,5731,4000,1731
日経225先物,みずほ証券,-5582,-8015,2433
日経225先物,インタラクティブ証券,-281,-360,79
日経225先物,ゴールドマン証券,-12863,-12088,-775
日経225先物,サスケハナ・ホンコン,-22,405,-427
日経225先物,シティグループ証券,4426,5010,-584
日経225先物,ソシエテＧ証券,5284,6205,-921
日経225先物,ドイツ証券,2941,2919,22
日経225先物,ナティクシス証券,-856,-856,0
日経225先物,バークレイズ証券,13694,12548,1146
日経225先物,ビーオブエー証券,-2226,-2532,306
日経225先物,フィリップ証券,903,705,198
日経225先物,マネックス証券,40,0,40
日経225先物,モルガンＭＵＦＧ証券,-14300,-11134,-3166
日経225先物,三菱ＵＦＪ証券,-6816,-6782,-34
日経225先物,三菱ＵＦＪｅスマート,122,148,-26
日経225先物,光世証券,-80,-64,-16
日経225先物,大和証券,1752,1935,-183
日経225先物,広田証券,0,-25,25
日経225先物,日産証券,85,622,-537
日経225先物,東海東京証券,-36,-219,183
日経225先物,松井証券,35,-5,40
日経225先物,楽天証券,-263,0,-263
日経225先物,立花証券,-127,-128,1
日経225先物,野村証券,35374,33492,1882
日経225先物,ＡＢＮクリアリン証券,1388,2991,-1603
日経225先物,ＢＮＰパリバ証券,-3324,-1505,-1819
日経225先物,ＨＳＢＣ証券,-33442,-33597,155
日経225先物,ＪＩＡ証券,0,110,-110
日経225先物,ＪＰモルガン証券,6181,2333,3848
日経225先物,ＳＢＩ証券,-660,-844,184
日経225先物,ＳＭＢＣ日興証券,4922,4909,13
日経225先物,ＵＢＳ証券,3724,3637,87
日経225先物+mini(ラージ換算),みずほ証券,-5283,-7615,2332
日経225先物+mini(ラージ換算),インタラクティブ証券,-73,-360,287
日経225先物+mini(ラージ換算),ゴールドマン証券,-13258,-10738,-2520
日経225先物+mini(ラージ換算),サスケハナ・ホンコン,296,405,-109
日経225先物+mini(ラージ換算),シティグループ証券,5032,5610,-578
日経225先物+mini(ラージ換算),ソシエテＧ証券,1727,6322,-4595
日経225先物+mini(ラージ換算),ドイツ証券,2932,2919,13
日経225先物+mini(ラージ換算),ナティクシス証券,-856,-856,0
日経225先物+mini(ラージ換算),バークレイズ証券,7112,12609,-5498
日経225先物+mini(ラージ換算),ビーオブエー証券,-247,-4082,3834
日経225先物+mini(ラージ換算),フィリップ証券,1104,704,400
日経225先物+mini(ラージ換算),マネックス証券,40,3,37
日経225先物+mini(ラージ換算),モルガンＭＵＦＧ証券,-12872,-9569,-3304
日経225先物+mini(ラージ換算),三菱ＵＦＪ証券,-6443,-6932,489
日経225先物+mini(ラージ換算),三菱ＵＦＪｅスマート,122,160,-38
日経225先物+mini(ラージ換算),光世証券,-105,-64,-41
日経225先物+mini(ラージ換算),共和証券,0,0,0
日経225先物+mini(ラージ換算),大和証券,1420,1937,-516
日経225先物+mini(ラージ換算),安藤証券,-10,0,-10
日経225先物+mini(ラージ換算),山和証券,-3,0,-3
日経225先物+mini(ラージ換算),岡三証券,-5,0,-5
日経225先物+mini(ラージ換算),広田証券,0,-25,25
日経225先物+mini(ラージ換算),日産証券,1639,631,1008
日経225先物+mini(ラージ換算),東海東京証券,-184,-219,35
日経225先物+mini(ラージ換算),松井証券,92,29,64
日経225先物+mini(ラージ換算),楽天証券,-263,7,-270
日経225先物+mini(ラージ換算),立花証券,-127,-128,1
日経225先物+mini(ラージ換算),豊証券,-5,0,-5
日経225先物+mini(ラージ換算),野村証券,33452,33842,-390
日経225先物+mini(ラージ換算),ＡＢＮクリアリン証券,4819,549,4270
日経225先物+mini(ラージ換算),ＢＮＰパリバ証券,-2236,-1525,-711
日経225先物+mini(ラージ換算),ＨＳＢＣ証券,-32840,-33597,757
日経225先物+mini(ラージ換算),Ｊトラストグローバル,0,0,0
日経225先物+mini(ラージ換算),ＪＩＡ証券,0,110,-110
日経225先物+mini(ラージ換算),ＪＰモルガン証券,5785,1531,4254
日経225先物+mini(ラージ換算),ＳＢＩ証券,-705,-791,86
日経225先物+mini(ラージ換算),ＳＭＢＣ日興証券,5611,4909,702
日経225先物+mini(ラージ換算),ＵＢＳ証券,4297,4037,260
