observation_date,value
1967-06-01,0.92
1967-07-01,0.56
1967-08-01,0.04
1967-09-01,0.22
1967-10-01,0.06
1967-11-01,0.04
1967-12-01,0.06
1968-01-01,1.28
1968-02-01,0.1
1968-03-01,0.04
1968-04-01,0.0
1968-05-01,0.02
1968-06-01,0.04
1968-07-01,0.06
1968-08-01,0.16
1968-09-01,0.02
1968-10-01,0.0
1968-11-01,0.0
1968-12-01,0.06
1969-01-01,0.08
1969-02-01,0.0
1969-03-01,0.04
1969-04-01,0.24
1969-05-01,0.1
1969-06-01,0.14
1969-07-01,0.28
1969-08-01,0.62
1969-09-01,5.24
1969-10-01,9.32
1969-11-01,40.94
1969-12-01,44.98
1970-01-01,54.5
1970-02-01,43.02
1970-03-01,42.42
1970-04-01,44.08
1970-05-01,41.06
1970-06-01,38.9
1970-07-01,39.68
1970-08-01,55.46
1970-09-01,73.08
1970-10-01,80.22
1970-11-01,29.22
1970-12-01,0.06
1971-01-01,0.14
1971-02-01,1.06
1971-03-01,0.46
1971-04-01,0.08
1971-05-01,0.06
1971-06-01,0.18
1971-07-01,0.52
1971-08-01,0.24
1971-09-01,0.02
1971-10-01,0.04
1971-11-01,0.0
1971-12-01,0.0
1972-01-01,0.0
1972-02-01,0.06
1972-03-01,0.0
1972-04-01,0.02
1972-05-01,0.02
1972-06-01,0.04
1972-07-01,0.02
1972-08-01,0.02
1972-09-01,0.02
1972-10-01,0.02
1972-11-01,0.02
1972-12-01,0.02
1973-01-01,0.02
1973-02-01,0.04
1973-03-01,0.52
1973-04-01,0.56
1973-05-01,0.08
1973-06-01,0.16
1973-07-01,0.12
1973-08-01,0.28
1973-09-01,0.14
1973-10-01,0.22
1973-11-01,2.14
1973-12-01,32.78
1974-01-01,36.98
1974-02-01,33.28
1974-03-01,30.88
1974-04-01,29.7
1974-05-01,28.62
1974-06-01,39.56
1974-07-01,49.82
1974-08-01,81.26
1974-09-01,84.88
1974-10-01,94.54
1974-11-01,99.96
1974-12-01,99.98
1975-01-01,99.68
1975-02-01,99.46
1975-03-01,92.62
1975-04-01,14.08
1975-05-01,3.32
1975-06-01,0.7
1975-07-01,0.12
1975-08-01,0.06
1975-09-01,0.02
1975-10-01,0.04
1975-11-01,0.1
1975-12-01,0.02
1976-01-01,0.02
1976-02-01,0.02
1976-03-01,0.1
1976-04-01,0.04
1976-05-01,0.08
1976-06-01,0.04
1976-07-01,0.02
1976-08-01,0.02
1976-09-01,0.08
1976-10-01,0.2
1976-11-01,0.04
1976-12-01,0.04
1977-01-01,0.64
1977-02-01,0.0
1977-03-01,0.0
1977-04-01,0.0
1977-05-01,0.02
1977-06-01,0.0
1977-07-01,0.06
1977-08-01,0.1
1977-09-01,0.0
1977-10-01,0.0
1977-11-01,0.18
1977-12-01,1.68
1978-01-01,17.9
1978-02-01,0.14
1978-03-01,0.0
1978-04-01,0.0
1978-05-01,0.28
1978-06-01,0.18
1978-07-01,0.34
1978-08-01,0.18
1978-09-01,0.14
1978-10-01,0.1
1978-11-01,0.16
1978-12-01,0.46
1979-01-01,2.12
1979-02-01,1.3
1979-03-01,2.0
1979-04-01,30.94
1979-05-01,2.32
1979-06-01,2.78
1979-07-01,4.12
1979-08-01,4.92
1979-09-01,4.18
1979-10-01,3.78
1979-11-01,4.84
1979-12-01,7.08
1980-01-01,10.76
1980-02-01,45.3
1980-03-01,89.26
1980-04-01,99.54
1980-05-01,99.44
1980-06-01,85.86
1980-07-01,31.36
1980-08-01,0.72
1980-09-01,0.12
1980-10-01,0.14
1980-11-01,0.16
1980-12-01,1.02
1981-01-01,4.0
1981-02-01,3.44
1981-03-01,2.38
1981-04-01,2.44
1981-05-01,1.9
1981-06-01,2.38
1981-07-01,4.68
1981-08-01,48.76
1981-09-01,82.6
1981-10-01,93.24
1981-11-01,95.22
1981-12-01,95.2
1982-01-01,92.18
1982-02-01,12.28
1982-03-01,55.84
1982-04-01,65.66
1982-05-01,68.82
1982-06-01,71.44
1982-07-01,72.18
1982-08-01,70.68
1982-09-01,67.36
1982-10-01,63.74
1982-11-01,34.04
1982-12-01,14.02
1983-01-01,1.08
1983-02-01,2.14
1983-03-01,0.18
1983-04-01,0.02
1983-05-01,0.02
1983-06-01,0.0
1983-07-01,0.02
1983-08-01,0.06
1983-09-01,0.0
1983-10-01,0.0
1983-11-01,0.04
1983-12-01,0.02
1984-01-01,0.0
1984-02-01,0.0
1984-03-01,0.06
1984-04-01,0.02
1984-05-01,0.02
1984-06-01,0.04
1984-07-01,0.1
1984-08-01,0.18
1984-09-01,0.12
1984-10-01,0.06
1984-11-01,0.06
1984-12-01,0.2
1985-01-01,0.14
1985-02-01,0.16
1985-03-01,0.1
1985-04-01,0.22
1985-05-01,0.1
1985-06-01,0.56
1985-07-01,0.4
1985-08-01,0.04
1985-09-01,0.1
1985-10-01,0.18
1985-11-01,0.12
1985-12-01,0.1
1986-01-01,0.1
1986-02-01,0.56
1986-03-01,0.44
1986-04-01,0.18
1986-05-01,0.22
1986-06-01,0.34
1986-07-01,0.08
1986-08-01,0.12
1986-09-01,0.02
1986-10-01,0.12
1986-11-01,0.08
1986-12-01,0.1
1987-01-01,0.88
1987-02-01,0.02
1987-03-01,0.04
1987-04-01,0.02
1987-05-01,0.02
1987-06-01,0.0
1987-07-01,0.0
1987-08-01,0.02
1987-09-01,0.0
1987-10-01,0.02
1987-11-01,0.04
1987-12-01,0.02
1988-01-01,0.34
1988-02-01,0.02
1988-03-01,0.04
1988-04-01,0.1
1988-05-01,0.12
1988-06-01,0.02
1988-07-01,0.1
1988-08-01,0.1
1988-09-01,0.16
1988-10-01,0.06
1988-11-01,0.1
1988-12-01,0.12
1989-01-01,0.22
1989-02-01,0.86
1989-03-01,0.84
1989-04-01,1.12
1989-05-01,1.74
1989-06-01,1.38
1989-07-01,1.8
1989-08-01,0.34
1989-09-01,0.52
1989-10-01,0.42
1989-11-01,0.26
1989-12-01,0.26
1990-01-01,0.38
1990-02-01,0.16
1990-03-01,0.38
1990-04-01,1.08
1990-05-01,1.28
1990-06-01,2.88
1990-07-01,8.32
1990-08-01,15.98
1990-09-01,32.86
1990-10-01,54.94
1990-11-01,60.44
1990-12-01,58.54
1991-01-01,55.7
1991-02-01,47.24
1991-03-01,30.34
1991-04-01,3.5
1991-05-01,0.82
1991-06-01,0.32
1991-07-01,0.4
1991-08-01,0.38
1991-09-01,0.36
1991-10-01,0.64
1991-11-01,0.76
1991-12-01,0.66
1992-01-01,0.34
1992-02-01,0.14
1992-03-01,0.04
1992-04-01,0.04
1992-05-01,0.08
1992-06-01,0.08
1992-07-01,0.04
1992-08-01,0.54
1992-09-01,0.22
1992-10-01,0.04
1992-11-01,0.02
1992-12-01,0.04
1993-01-01,0.04
1993-02-01,0.12
1993-03-01,0.52
1993-04-01,0.12
1993-05-01,0.2
1993-06-01,0.12
1993-07-01,0.1
1993-08-01,0.08
1993-09-01,0.02
1993-10-01,0.0
1993-11-01,0.04
1993-12-01,0.04
1994-01-01,0.04
1994-02-01,0.08
1994-03-01,0.0
1994-04-01,0.0
1994-05-01,0.0
1994-06-01,0.0
1994-07-01,0.04
1994-08-01,0.04
1994-09-01,0.06
1994-10-01,0.04
1994-11-01,0.04
1994-12-01,0.04
1995-01-01,0.12
1995-02-01,0.36
1995-03-01,0.42
1995-04-01,0.38
1995-05-01,0.2
1995-06-01,0.06
1995-07-01,0.28
1995-08-01,0.06
1995-09-01,0.12
1995-10-01,0.2
1995-11-01,0.04
1995-12-01,0.08
1996-01-01,0.38
1996-02-01,0.04
1996-03-01,0.14
1996-04-01,0.04
1996-05-01,0.04
1996-06-01,0.06
1996-07-01,0.08
1996-08-01,0.08
1996-09-01,0.02
1996-10-01,0.08
1996-11-01,0.04
1996-12-01,0.0
1997-01-01,0.04
1997-02-01,0.0
1997-03-01,0.02
1997-04-01,0.04
1997-05-01,0.1
1997-06-01,0.04
1997-07-01,0.04
1997-08-01,0.04
1997-09-01,0.06
1997-10-01,0.04
1997-11-01,0.0
1997-12-01,0.06
1998-01-01,0.0
1998-02-01,0.04
1998-03-01,0.12
1998-04-01,0.08
1998-05-01,0.04
1998-06-01,0.58
1998-07-01,0.52
1998-08-01,0.04
1998-09-01,0.18
1998-10-01,0.1
1998-11-01,0.08
1998-12-01,0.04
1999-01-01,0.04
1999-02-01,0.02
1999-03-01,0.12
1999-04-01,0.08
1999-05-01,0.02
1999-06-01,0.04
1999-07-01,0.06
1999-08-01,0.1
1999-09-01,0.2
1999-10-01,0.02
1999-11-01,0.04
1999-12-01,0.02
2000-01-01,0.08
2000-02-01,0.2
2000-03-01,0.1
2000-04-01,0.14
2000-05-01,0.38
2000-06-01,0.46
2000-07-01,0.62
2000-08-01,1.04
2000-09-01,1.42
2000-10-01,4.08
2000-11-01,5.66
2000-12-01,9.76
2001-01-01,15.88
2001-02-01,20.12
2001-03-01,24.7
2001-04-01,28.54
2001-05-01,27.82
2001-06-01,27.7
2001-07-01,26.66
2001-08-01,24.8
2001-09-01,23.6
2001-10-01,17.5
2001-11-01,13.48
2001-12-01,5.78
2002-01-01,1.96
2002-02-01,1.08
2002-03-01,0.44
2002-04-01,0.32
2002-05-01,0.26
2002-06-01,0.22
2002-07-01,0.62
2002-08-01,0.52
2002-09-01,0.54
2002-10-01,0.48
2002-11-01,0.4
2002-12-01,0.86
2003-01-01,0.4
2003-02-01,0.82
2003-03-01,0.74
2003-04-01,0.58
2003-05-01,0.16
2003-06-01,0.12
2003-07-01,0.06
2003-08-01,0.02
2003-09-01,0.0
2003-10-01,0.04
2003-11-01,0.06
2003-12-01,0.2
2004-01-01,0.22
2004-02-01,0.02
2004-03-01,0.06
2004-04-01,0.06
2004-05-01,0.14
2004-06-01,0.82
2004-07-01,0.06
2004-08-01,0.08
2004-09-01,0.06
2004-10-01,0.04
2004-11-01,0.16
2004-12-01,0.0
2005-01-01,0.06
2005-02-01,0.04
2005-03-01,0.18
2005-04-01,0.14
2005-05-01,0.14
2005-06-01,0.22
2005-07-01,0.74
2005-08-01,2.56
2005-09-01,12.54
2005-10-01,0.16
2005-11-01,0.06
2005-12-01,0.12
2006-01-01,0.06
2006-02-01,0.1
2006-03-01,0.12
2006-04-01,0.24
2006-05-01,0.24
2006-06-01,0.14
2006-07-01,0.32
2006-08-01,0.14
2006-09-01,0.2
2006-10-01,0.24
2006-11-01,0.14
2006-12-01,0.12
2007-01-01,0.2
2007-02-01,0.08
2007-03-01,0.16
2007-04-01,0.14
2007-05-01,0.34
2007-06-01,0.52
2007-07-01,0.52
2007-08-01,0.58
2007-09-01,0.84
2007-10-01,1.74
2007-11-01,2.66
2007-12-01,8.32
2008-01-01,20.8
2008-02-01,44.44
2008-03-01,61.04
2008-04-01,73.0
2008-05-01,80.68
2008-06-01,86.06
2008-07-01,94.64
2008-08-01,99.46
2008-09-01,99.94
2008-10-01,89.96
2008-11-01,99.8
2008-12-01,99.92
2009-01-01,99.94
2009-02-01,99.64
2009-03-01,99.58
2009-04-01,96.3
2009-05-01,87.36
2009-06-01,61.7
2009-07-01,3.02
2009-08-01,0.98
2009-09-01,0.54
2009-10-01,0.32
2009-11-01,0.18
2009-12-01,0.18
2010-01-01,0.08
2010-02-01,0.16
2010-03-01,0.04
2010-04-01,0.04
2010-05-01,0.06
2010-06-01,0.2
2010-07-01,0.12
2010-08-01,0.22
2010-09-01,0.18
2010-10-01,0.1
2010-11-01,0.14
2010-12-01,0.08
2011-01-01,0.12
2011-02-01,0.14
2011-03-01,0.1
2011-04-01,0.32
2011-05-01,0.16
2011-06-01,0.1
2011-07-01,0.04
2011-08-01,0.04
2011-09-01,0.06
2011-10-01,0.02
2011-11-01,0.16
2011-12-01,0.0
2012-01-01,0.0
2012-02-01,0.14
2012-03-01,0.32
2012-04-01,0.08
2012-05-01,0.16
2012-06-01,0.18
2012-07-01,0.14
2012-08-01,0.16
2012-09-01,0.06
2012-10-01,0.0
2012-11-01,0.02
2012-12-01,0.06
2013-01-01,0.04
2013-02-01,0.06
2013-03-01,0.08
2013-04-01,0.12
2013-05-01,0.08
2013-06-01,0.22
2013-07-01,0.3
2013-08-01,0.04
2013-09-01,0.04
2013-10-01,0.1
2013-11-01,0.06
2013-12-01,0.1
2014-01-01,0.18
2014-02-01,0.04
2014-03-01,0.04
2014-04-01,0.12
2014-05-01,0.1
2014-06-01,0.1
2014-07-01,0.12
2014-08-01,0.16
2014-09-01,0.12
2014-10-01,0.14
2014-11-01,0.12
2014-12-01,0.48
2015-01-01,1.66
2015-02-01,2.32
2015-03-01,2.0
2015-04-01,1.52
2015-05-01,1.66
2015-06-01,1.32
2015-07-01,0.96
2015-08-01,1.16
2015-09-01,1.36
2015-10-01,1.94
2015-11-01,2.28
2015-12-01,1.8
2016-01-01,1.46
2016-02-01,1.56
2016-03-01,1.68
2016-04-01,1.08
2016-05-01,0.9
2016-06-01,0.44
2016-07-01,0.38
2016-08-01,0.58
2016-09-01,0.42
2016-10-01,0.36
2016-11-01,0.36
2016-12-01,0.18
2017-01-01,0.4
2017-02-01,0.24
2017-03-01,0.12
2017-04-01,0.1
2017-05-01,0.2
2017-06-01,0.22
2017-07-01,0.28
2017-08-01,0.28
2017-09-01,0.14
2017-10-01,0.08
2017-11-01,0.08
2017-12-01,0.26
2018-01-01,0.34
2018-02-01,0.12
2018-03-01,0.12
2018-04-01,0.12
2018-05-01,0.28
2018-06-01,0.1
2018-07-01,0.12
2018-08-01,0.1
2018-09-01,0.32
2018-10-01,0.5
2018-11-01,0.42
2018-12-01,0.38
2019-01-01,1.66
2019-02-01,1.68
2019-03-01,1.08
2019-04-01,1.18
2019-05-01,1.04
2019-06-01,0.92
2019-07-01,0.98
2019-08-01,0.64
2019-09-01,1.88
2019-10-01,2.32
2019-11-01,0.76
2019-12-01,0.88
2020-01-01,0.58
2020-02-01,0.26
2020-03-01,100.0
2020-04-01,100.0
2020-05-01,0.1
2020-06-01,0.08
2020-07-01,0.0
2020-08-01,0.0
2020-09-01,0.04
2020-10-01,0.02
2020-11-01,0.14
2020-12-01,0.06
2021-01-01,0.02
2021-02-01,0.02
2021-03-01,0.0
2021-04-01,0.22
2021-05-01,0.24
2021-06-01,0.12
2021-07-01,0.14
2021-08-01,1.54
2021-09-01,1.62
2021-10-01,0.08
2021-11-01,0.24
2021-12-01,0.98
2022-01-01,1.18
2022-02-01,0.4
2022-03-01,0.5
2022-04-01,0.78
2022-05-01,0.92
2022-06-01,0.66
2022-07-01,0.34
2022-08-01,0.54
2022-09-01,0.56
2022-10-01,0.82
2022-11-01,1.38
2022-12-01,1.26
2023-01-01,0.18
2023-02-01,0.28
2023-03-01,0.34
2023-04-01,0.26
2023-05-01,0.32
2023-06-01,0.3
2023-07-01,0.14
2023-08-01,0.24
2023-09-01,0.34
2023-10-01,0.32
2023-11-01,0.26
2023-12-01,0.96
2024-01-01,2.6
2024-02-01,0.2
2024-03-01,0.18
2024-04-01,0.22
2024-05-01,0.16
2024-06-01,0.36
2024-07-01,0.64
2024-08-01,0.24
2024-09-01,0.34
2024-10-01,0.28
2024-11-01,0.18
2024-12-01,0.1
2025-01-01,0.38
2025-02-01,0.1
2025-03-01,0.12
2025-04-01,0.32
2025-05-01,0.54
2025-06-01,0.16
2025-07-01,0.2
2025-08-01,0.82
2025-09-01,0.92
2025-10-01,1.16
2025-11-01,0.48
2025-12-01,0.12
2026-01-01,0.18
2026-02-01,0.16
2026-03-01,0.32
2026-04-01,0.26
2026-05-01,0.54
